,Player,Nation,Pos,Age,MP,Starts,Min,90s,Gls,Ast,G-PK,PK,PKatt,CrdY,CrdR,Gls,Ast,G+A,G-PK,G+A-PK,xG,npxG,xAG,npxG+xAG,xG,xAG,xG+xAG,npxG,npxG+xAG,Matches,Team
0,Gabriel Dos Santos,br BRA,DF,24-344,14,14,1260.0,14.0,2.0,0.0,2.0,0.0,0.0,2.0,0.0,0.14,0.0,0.14,0.14,0.14,2.3,2.3,0.2,2.4,0.16,0.01,0.17,0.16,0.17,Matches,Arsenal
1,Aaron Ramsdale,eng ENG,GK,24-198,14,14,1260.0,14.0,0.0,0.0,0.0,0.0,0.0,0.0,0.0,0.0,0.0,0.0,0.0,0.0,0.0,0.0,0.0,0.0,0.0,0.0,0.0,0.0,0.0,Matches,Arsenal
2,William Saliba,fr FRA,DF,21-249,14,14,1245.0,13.8,2.0,1.0,2.0,0.0,0.0,4.0,0.0,0.14,0.07,0.22,0.14,0.22,0.3,0.3,0.9,1.2,0.02,0.06,0.09,0.02,0.09,Matches,Arsenal
3,Gabriel Jesus,br BRA,FW,25-239,14,14,1219.0,13.5,5.0,5.0,5.0,0.0,0.0,4.0,0.0,0.37,0.37,0.74,0.37,0.74,7.7,7.7,2.8,10.6,0.57,0.21,0.78,0.57,0.78,Matches,Arsenal
4,Martinelli,br BRA,FW,21-163,14,14,1181.0,13.1,5.0,2.0,5.0,0.0,0.0,1.0,0.0,0.38,0.15,0.53,0.38,0.53,3.0,3.0,3.3,6.3,0.23,0.25,0.48,0.23,0.48,Matches,Arsenal
5,Bukayo Saka,eng ENG,FW,21-084,14,14,1171.0,13.0,4.0,6.0,3.0,1.0,1.0,3.0,0.0,0.31,0.46,0.77,0.23,0.69,4.5,3.8,2.9,6.8,0.34,0.23,0.57,0.29,0.52,Matches,Arsenal
6,Granit Xhaka,ch SUI,MF,30-062,14,14,1166.0,13.0,3.0,3.0,3.0,0.0,0.0,2.0,0.0,0.23,0.23,0.46,0.23,0.46,1.5,1.5,1.8,3.3,0.12,0.14,0.25,0.12,0.25,Matches,Arsenal
7,Ben White,eng ENG,DF,25-051,14,14,1150.0,12.8,0.0,2.0,0.0,0.0,0.0,3.0,0.0,0.0,0.16,0.16,0.0,0.16,0.3,0.3,1.1,1.4,0.02,0.08,0.11,0.02,0.11,Matches,Arsenal
8,Martin Ødegaard,no NOR,MF,23-346,13,13,1074.0,11.9,6.0,2.0,6.0,0.0,0.0,2.0,0.0,0.5,0.17,0.67,0.5,0.67,4.1,4.1,2.6,6.7,0.35,0.22,0.56,0.35,0.56,Matches,Arsenal
9,Thomas Partey,gh GHA,MF,29-168,11,11,959.0,10.7,2.0,0.0,2.0,0.0,0.0,1.0,0.0,0.19,0.0,0.19,0.19,0.19,1.0,1.0,0.6,1.6,0.1,0.05,0.15,0.1,0.15,Matches,Arsenal
10,Oleksandr Zinchenko,ua UKR,DF,25-348,7,7,559.0,6.2,0.0,1.0,0.0,0.0,0.0,0.0,0.0,0.0,0.16,0.16,0.0,0.16,0.1,0.1,0.4,0.5,0.02,0.07,0.09,0.02,0.09,Matches,Arsenal
11,Takehiro Tomiyasu,jp JPN,DF,24-023,11,4,410.0,4.6,0.0,0.0,0.0,0.0,0.0,1.0,0.0,0.0,0.0,0.0,0.0,0.0,0.1,0.1,0.1,0.2,0.02,0.02,0.04,0.02,0.04,Matches,Arsenal
12,Kieran Tierney,sct SCO,DF,25-176,12,3,354.0,3.9,0.0,0.0,0.0,0.0,0.0,0.0,0.0,0.0,0.0,0.0,0.0,0.0,0.3,0.3,0.1,0.4,0.06,0.03,0.1,0.06,0.1,Matches,Arsenal
13,Albert Sambi Lokonga,be BEL,MF,23-037,6,2,198.0,2.2,0.0,0.0,0.0,0.0,0.0,0.0,0.0,0.0,0.0,0.0,0.0,0.0,0.0,0.0,0.0,0.0,0.0,0.01,0.01,0.0,0.01,Matches,Arsenal
14,Fabio Vieira,pt POR,MF,22-182,8,1,246.0,2.7,1.0,1.0,1.0,0.0,0.0,0.0,0.0,0.37,0.37,0.73,0.37,0.73,0.3,0.3,1.1,1.5,0.12,0.42,0.54,0.12,0.54,Matches,Arsenal
15,Mohamed Elneny,eg EGY,MF,30-140,3,1,95.0,1.1,0.0,0.0,0.0,0.0,0.0,0.0,0.0,0.0,0.0,0.0,0.0,0.0,0.0,0.0,0.0,0.0,0.0,0.0,0.0,0.0,0.0,Matches,Arsenal
16,Eddie Nketiah,eng ENG,"FW,MF",23-182,12,0,152.0,1.7,0.0,0.0,0.0,0.0,0.0,0.0,0.0,0.0,0.0,0.0,0.0,0.0,0.7,0.7,0.2,0.9,0.41,0.1,0.51,0.41,0.51,Matches,Arsenal
17,Reiss Nelson,eng ENG,FW,22-353,2,0,65.0,0.7,2.0,1.0,2.0,0.0,0.0,0.0,0.0,2.77,1.38,4.15,2.77,4.15,0.6,0.6,0.1,0.7,0.87,0.11,0.99,0.87,0.99,Matches,Arsenal
18,Emile Smith Rowe,eng ENG,"MF,FW",22-123,4,0,51.0,0.6,0.0,0.0,0.0,0.0,0.0,0.0,0.0,0.0,0.0,0.0,0.0,0.0,0.1,0.1,0.3,0.4,0.16,0.5,0.66,0.16,0.66,Matches,Arsenal
19,Cédric Soares,pt POR,DF,31-089,2,0,29.0,0.3,0.0,0.0,0.0,0.0,0.0,0.0,0.0,0.0,0.0,0.0,0.0,0.0,0.0,0.0,0.0,0.0,0.0,0.0,0.0,0.0,0.0,Matches,Arsenal
20,Rob Holding,eng ENG,DF,27-069,4,0,14.0,0.2,0.0,0.0,0.0,0.0,0.0,0.0,0.0,0.0,0.0,0.0,0.0,0.0,0.0,0.0,0.0,0.0,0.0,0.0,0.0,0.0,0.0,Matches,Arsenal
21,Marquinhos,br BRA,MF,19-235,1,0,1.0,0.0,0.0,0.0,0.0,0.0,0.0,0.0,0.0,0.0,0.0,0.0,0.0,0.0,0.0,0.0,0.0,0.0,0.0,0.0,0.0,0.0,0.0,Matches,Arsenal
22,Ethan Nwaneri,eng ENG,FW,15-252,1,0,1.0,0.0,0.0,0.0,0.0,0.0,0.0,0.0,0.0,0.0,0.0,0.0,0.0,0.0,0.0,0.0,0.0,0.0,0.0,0.0,0.0,0.0,0.0,Matches,Arsenal
23,Karl Jakob Hein,ee EST,GK,20-229,0,0,,,,,,,,,,,,,,,,,,,,,,,,Matches,Arsenal
24,Nicolas Pépé,ci CIV,"FW,MF",27-183,0,0,,,,,,,,,,,,,,,,,,,,,,,,Matches,Arsenal
25,Matthew Smith,eng ENG,MF,22-054,0,0,,,,,,,,,,,,,,,,,,,,,,,,Matches,Arsenal
26,Lino Sousa,eng ENG,DF,17-313,0,0,,,,,,,,,,,,,,,,,,,,,,,,Matches,Arsenal
27,Matt Turner,us USA,GK,28-157,0,0,,,,,,,,,,,,,,,,,,,,,,,,Matches,Arsenal
28,Squad Total,,,24.7,14,154,1260.0,14.0,32.0,24.0,31.0,1.0,1.0,23.0,0.0,2.29,1.71,4.0,2.21,3.93,26.2,25.7,18.3,44.0,1.87,1.31,3.18,1.84,3.14,,Arsenal
29,Opponent Total,,,27.1,14,154,1260.0,14.0,10.0,7.0,9.0,1.0,2.0,27.0,1.0,0.71,0.5,1.21,0.64,1.14,11.8,10.3,8.7,19.0,0.85,0.62,1.47,0.73,1.36,,Arsenal
0,Ederson,br BRA,GK,29-103,14,14,1260.0,14.0,0.0,1.0,0.0,0.0,0.0,0.0,0.0,0.0,0.07,0.07,0.0,0.07,0.0,0.0,0.2,0.2,0.0,0.02,0.02,0.0,0.02,Matches,Manchester-City
1,João Cancelo,pt POR,DF,28-185,14,14,1116.0,12.4,2.0,1.0,2.0,0.0,0.0,3.0,1.0,0.16,0.08,0.24,0.16,0.24,0.7,0.7,0.8,1.5,0.06,0.06,0.12,0.06,0.12,Matches,Manchester-City
2,Kevin De Bruyne,be BEL,MF,31-153,14,13,1131.0,12.6,3.0,9.0,3.0,0.0,0.0,0.0,0.0,0.24,0.72,0.95,0.24,0.95,2.5,2.5,6.0,8.5,0.2,0.48,0.68,0.2,0.68,Matches,Manchester-City
3,Rodri,es ESP,MF,26-159,13,13,1122.0,12.5,0.0,3.0,0.0,0.0,0.0,1.0,0.0,0.0,0.24,0.24,0.0,0.24,1.2,1.2,0.8,2.0,0.1,0.07,0.16,0.1,0.16,Matches,Manchester-City
4,Bernardo Silva,pt POR,"MF,FW",28-110,14,12,1068.0,11.9,2.0,5.0,2.0,0.0,0.0,1.0,0.0,0.17,0.42,0.59,0.17,0.59,1.3,1.3,1.8,3.0,0.11,0.15,0.26,0.11,0.26,Matches,Manchester-City
5,Erling Haaland,no NOR,FW,22-130,13,12,1037.0,11.5,18.0,3.0,15.0,3.0,3.0,2.0,0.0,1.56,0.26,1.82,1.3,1.56,11.1,8.7,2.8,11.5,0.96,0.24,1.2,0.75,1.0,Matches,Manchester-City
6,Phil Foden,eng ENG,"FW,DF",22-184,14,11,908.0,10.1,7.0,4.0,7.0,0.0,0.0,1.0,0.0,0.69,0.4,1.09,0.69,1.09,3.7,3.7,2.0,5.7,0.37,0.19,0.56,0.37,0.56,Matches,Manchester-City
7,İlkay Gündoğan,de GER,MF,32-035,12,10,891.0,9.9,2.0,2.0,2.0,0.0,0.0,0.0,0.0,0.2,0.2,0.4,0.2,0.4,2.1,2.1,2.1,4.2,0.21,0.21,0.42,0.21,0.42,Matches,Manchester-City
8,Rúben Dias,pt POR,DF,25-198,12,9,873.0,9.7,0.0,0.0,0.0,0.0,0.0,0.0,0.0,0.0,0.0,0.0,0.0,0.0,0.6,0.6,0.1,0.8,0.06,0.02,0.08,0.06,0.08,Matches,Manchester-City
9,John Stones,eng ENG,DF,28-184,9,8,731.0,8.1,0.0,2.0,0.0,0.0,0.0,1.0,0.0,0.0,0.25,0.25,0.0,0.25,0.4,0.4,1.3,1.7,0.05,0.16,0.21,0.05,0.21,Matches,Manchester-City
10,Manuel Akanji,ch SUI,DF,27-132,8,8,701.0,7.8,0.0,1.0,0.0,0.0,0.0,1.0,0.0,0.0,0.13,0.13,0.0,0.13,0.5,0.5,0.1,0.6,0.07,0.02,0.08,0.07,0.08,Matches,Manchester-City
11,Nathan Aké,nl NED,DF,27-283,8,7,571.0,6.3,0.0,0.0,0.0,0.0,0.0,0.0,0.0,0.0,0.0,0.0,0.0,0.0,0.1,0.1,0.1,0.2,0.02,0.02,0.03,0.02,0.03,Matches,Manchester-City
12,Kyle Walker,eng ENG,DF,32-184,7,7,560.0,6.2,0.0,0.0,0.0,0.0,0.0,0.0,0.0,0.0,0.0,0.0,0.0,0.0,0.3,0.3,0.1,0.4,0.05,0.02,0.07,0.05,0.07,Matches,Manchester-City
13,Jack Grealish,eng ENG,FW,27-079,8,6,547.0,6.1,1.0,0.0,1.0,0.0,0.0,0.0,0.0,0.16,0.0,0.16,0.16,0.16,0.9,0.9,1.2,2.1,0.15,0.19,0.34,0.15,0.34,Matches,Manchester-City
14,Riyad Mahrez,dz ALG,"FW,MF",31-280,9,4,372.0,4.1,1.0,0.0,1.0,0.0,0.0,1.0,0.0,0.24,0.0,0.24,0.24,0.24,1.2,1.2,0.5,1.6,0.28,0.11,0.39,0.28,0.39,Matches,Manchester-City
15,Julián Álvarez,ar ARG,"FW,MF",22-301,12,3,364.0,4.0,3.0,0.0,3.0,0.0,0.0,0.0,0.0,0.74,0.0,0.74,0.74,0.74,1.3,1.3,0.4,1.8,0.33,0.11,0.44,0.33,0.44,Matches,Manchester-City
16,Aymeric Laporte,es ESP,DF,28-185,4,3,286.0,3.2,0.0,0.0,0.0,0.0,0.0,0.0,0.0,0.0,0.0,0.0,0.0,0.0,0.2,0.2,0.1,0.3,0.06,0.04,0.1,0.06,0.1,Matches,Manchester-City
17,Sergio Gómez,es ESP,"DF,MF",22-085,5,0,111.0,1.2,0.0,1.0,0.0,0.0,0.0,0.0,0.0,0.0,0.81,0.81,0.0,0.81,0.1,0.1,0.4,0.5,0.11,0.33,0.44,0.11,0.44,Matches,Manchester-City
18,Cole Palmer,eng ENG,"FW,MF",20-206,7,0,106.0,1.2,0.0,0.0,0.0,0.0,0.0,0.0,0.0,0.0,0.0,0.0,0.0,0.0,0.1,0.1,0.1,0.2,0.06,0.07,0.13,0.06,0.13,Matches,Manchester-City
19,Rico Lewis,eng ENG,"DF,MF",18-007,3,0,38.0,0.4,0.0,0.0,0.0,0.0,0.0,0.0,0.0,0.0,0.0,0.0,0.0,0.0,0.0,0.0,0.0,0.0,0.0,0.0,0.0,0.0,0.0,Matches,Manchester-City
20,Kalvin Phillips,eng ENG,MF,26-361,1,0,2.0,0.0,0.0,0.0,0.0,0.0,0.0,0.0,0.0,0.0,0.0,0.0,0.0,0.0,0.0,0.0,0.0,0.0,0.0,0.0,0.0,0.0,0.0,Matches,Manchester-City
21,Scott Carson,eng ENG,GK,37-086,0,0,,,,,,,,,,,,,,,,,,,,,,,,Matches,Manchester-City
22,Liam Delap,eng ENG,FW,19-293,0,0,,,,,,,,,,,,,,,,,,,,,,,,Matches,Manchester-City
23,Claudio Gomes,fr FRA,MF,22-128,0,0,,,,,,,,,,,,,,,,,,,,,,,,Matches,Manchester-City
24,Ben Knight,eng ENG,MF,20-167,0,0,,,,,,,,,,,,,,,,,,,,,,,,Matches,Manchester-City
25,Luke Mbete-Tatu,eng ENG,DF,19-071,0,0,,,,,,,,,,,,,,,,,,,,,,,,Matches,Manchester-City
26,Stefan Ortega,de GER,GK,30-022,0,0,,,,,,,,,,,,,,,,,,,,,,,,Matches,Manchester-City
27,Josh Wilson-Esbrand,eng ENG,DF,19-337,0,0,,,,,,,,,,,,,,,,,,,,,,,,Matches,Manchester-City
28,Squad Total,,,27.6,14,154,1260.0,14.0,39.0,32.0,36.0,3.0,3.0,11.0,1.0,2.79,2.29,5.07,2.57,4.86,27.6,25.3,20.6,45.9,1.97,1.47,3.45,1.8,3.28,,Manchester-City
29,Opponent Total,,,27.2,14,154,1260.0,14.0,13.0,8.0,11.0,2.0,2.0,30.0,1.0,0.93,0.57,1.5,0.79,1.36,11.2,9.6,8.2,17.9,0.8,0.59,1.39,0.69,1.28,,Manchester-City
0,Nick Pope,eng ENG,GK,30-223,15,15,1350.0,15.0,0.0,0.0,0.0,0.0,0.0,2.0,0.0,0.0,0.0,0.0,0.0,0.0,0.0,0.0,0.0,0.0,0.0,0.0,0.0,0.0,0.0,Matches,Newcastle-United
1,Kieran Trippier,eng ENG,DF,32-070,15,15,1324.0,14.7,1.0,3.0,1.0,0.0,0.0,3.0,0.0,0.07,0.2,0.27,0.07,0.27,0.4,0.4,3.7,4.1,0.03,0.25,0.28,0.03,0.28,Matches,Newcastle-United
2,Miguel Almirón,py PAR,FW,28-291,15,15,1255.0,13.9,8.0,1.0,8.0,0.0,0.0,0.0,0.0,0.57,0.07,0.65,0.57,0.65,4.6,4.6,1.1,5.7,0.33,0.08,0.41,0.33,0.41,Matches,Newcastle-United
3,Fabian Schär,ch SUI,DF,30-343,14,14,1243.0,13.8,1.0,0.0,1.0,0.0,0.0,4.0,0.0,0.07,0.0,0.07,0.07,0.07,0.9,0.9,0.4,1.3,0.07,0.03,0.1,0.07,0.1,Matches,Newcastle-United
4,Dan Burn,eng ENG,DF,30-203,15,14,1224.0,13.6,0.0,0.0,0.0,0.0,0.0,2.0,0.0,0.0,0.0,0.0,0.0,0.0,0.4,0.4,0.1,0.5,0.03,0.01,0.04,0.03,0.04,Matches,Newcastle-United
5,Joe Willock,eng ENG,MF,23-100,15,13,1114.0,12.4,2.0,2.0,2.0,0.0,0.0,0.0,0.0,0.16,0.16,0.32,0.16,0.32,2.9,2.9,3.1,6.0,0.23,0.25,0.49,0.23,0.49,Matches,Newcastle-United
6,Joelinton,br BRA,"MF,FW",26-106,13,12,1060.0,11.8,1.0,1.0,1.0,0.0,0.0,5.0,0.0,0.08,0.08,0.17,0.08,0.17,2.3,2.3,0.9,3.2,0.19,0.08,0.27,0.19,0.27,Matches,Newcastle-United
7,Sven Botman,nl NED,DF,22-320,13,12,1057.0,11.7,0.0,0.0,0.0,0.0,0.0,0.0,0.0,0.0,0.0,0.0,0.0,0.0,0.3,0.3,0.9,1.2,0.03,0.07,0.1,0.03,0.1,Matches,Newcastle-United
8,Bruno Guimarães,br BRA,MF,25-012,12,12,992.0,11.0,3.0,2.0,3.0,0.0,0.0,1.0,0.0,0.27,0.18,0.45,0.27,0.45,0.8,0.8,1.3,2.0,0.07,0.12,0.18,0.07,0.18,Matches,Newcastle-United
9,Sean Longstaff,eng ENG,MF,25-029,15,11,1056.0,11.7,1.0,2.0,1.0,0.0,0.0,2.0,0.0,0.09,0.17,0.26,0.09,0.26,1.2,1.2,1.8,3.0,0.1,0.16,0.26,0.1,0.26,Matches,Newcastle-United
10,Callum Wilson,eng ENG,FW,30-274,11,10,787.0,8.7,6.0,2.0,5.0,1.0,1.0,1.0,0.0,0.69,0.23,0.91,0.57,0.8,6.1,5.4,0.6,6.0,0.7,0.07,0.78,0.61,0.69,Matches,Newcastle-United
11,Jacob Murphy,eng ENG,FW,27-277,15,5,489.0,5.4,1.0,1.0,1.0,0.0,0.0,0.0,0.0,0.18,0.18,0.37,0.18,0.37,0.8,0.8,0.6,1.4,0.15,0.11,0.26,0.15,0.26,Matches,Newcastle-United
12,Matt Targett,eng ENG,DF,27-071,10,4,426.0,4.7,0.0,0.0,0.0,0.0,0.0,0.0,0.0,0.0,0.0,0.0,0.0,0.0,0.0,0.0,0.3,0.3,0.0,0.07,0.07,0.0,0.07,Matches,Newcastle-United
13,Allan Saint-Maximin,fr FRA,FW,25-261,7,4,378.0,4.2,1.0,3.0,1.0,0.0,0.0,1.0,0.0,0.24,0.71,0.95,0.24,0.95,0.8,0.8,1.2,2.0,0.2,0.28,0.48,0.2,0.48,Matches,Newcastle-United
14,Ryan Fraser,sct SCO,FW,28-277,8,3,313.0,3.5,0.0,0.0,0.0,0.0,0.0,1.0,0.0,0.0,0.0,0.0,0.0,0.0,0.3,0.3,0.4,0.7,0.09,0.11,0.2,0.09,0.2,Matches,Newcastle-United
15,Alexander Isak,se SWE,FW,23-068,3,3,242.0,2.7,2.0,0.0,1.0,1.0,1.0,0.0,0.0,0.74,0.0,0.74,0.37,0.37,2.2,1.4,0.3,1.7,0.82,0.1,0.93,0.53,0.63,Matches,Newcastle-United
16,Chris Wood,nz NZL,FW,30-356,14,2,272.0,3.0,1.0,0.0,1.0,0.0,0.0,0.0,0.0,0.33,0.0,0.33,0.33,0.33,0.5,0.5,0.3,0.8,0.17,0.08,0.26,0.17,0.26,Matches,Newcastle-United
17,Jamaal Lascelles,eng ENG,DF,29-017,4,1,107.0,1.2,0.0,0.0,0.0,0.0,0.0,2.0,0.0,0.0,0.0,0.0,0.0,0.0,0.1,0.1,0.0,0.1,0.06,0.0,0.06,0.06,0.06,Matches,Newcastle-United
18,Elliot Anderson,sct SCO,"FW,MF",20-022,7,0,103.0,1.1,0.0,0.0,0.0,0.0,0.0,0.0,0.0,0.0,0.0,0.0,0.0,0.0,0.5,0.5,0.5,1.0,0.42,0.45,0.86,0.42,0.86,Matches,Newcastle-United
19,Jonjo Shelvey,eng ENG,MF,30-274,3,0,37.0,0.4,0.0,0.0,0.0,0.0,0.0,0.0,0.0,0.0,0.0,0.0,0.0,0.0,0.0,0.0,0.0,0.0,0.0,0.0,0.0,0.0,0.0,Matches,Newcastle-United
20,Javier Manquillo,es ESP,DF,28-207,1,0,11.0,0.1,0.0,0.0,0.0,0.0,0.0,0.0,0.0,0.0,0.0,0.0,0.0,0.0,0.0,0.0,0.0,0.0,0.0,0.0,0.0,0.0,0.0,Matches,Newcastle-United
21,Jamal Lewis,nir NIR,DF,24-307,1,0,8.0,0.1,0.0,0.0,0.0,0.0,0.0,0.0,0.0,0.0,0.0,0.0,0.0,0.0,0.0,0.0,0.0,0.0,0.0,0.0,0.0,0.0,0.0,Matches,Newcastle-United
22,Emil Krafth,se SWE,DF,28-118,1,0,1.0,0.0,0.0,0.0,0.0,0.0,0.0,0.0,0.0,0.0,0.0,0.0,0.0,0.0,0.0,0.0,0.0,0.0,0.0,0.0,0.0,0.0,0.0,Matches,Newcastle-United
23,Matt Ritchie,sct SCO,FW,33-079,1,0,1.0,0.0,0.0,0.0,0.0,0.0,0.0,0.0,0.0,0.0,0.0,0.0,0.0,0.0,0.0,0.0,0.0,0.0,0.0,0.0,0.0,0.0,0.0,Matches,Newcastle-United
24,Karl Darlow,eng ENG,GK,32-051,0,0,,,,,,,,,,,,,,,,,,,,,,,,Matches,Newcastle-United
25,Martin Dúbravka,sk SVK,GK,33-317,0,0,,,,,,,,,,,,,,,,,,,,,,,,Matches,Newcastle-United
26,Paul Dummett,wls WAL,DF,31-063,0,0,,,,,,,,,,,,,,,,,,,,,,,,Matches,Newcastle-United
27,Loris Karius,de GER,GK,29-159,0,0,,,,,,,,,,,,,,,,,,,,,,,,Matches,Newcastle-United
28,Squad Total,,,27.9,15,165,1350.0,15.0,28.0,17.0,26.0,2.0,2.0,24.0,0.0,1.87,1.13,3.0,1.73,2.87,24.3,22.8,17.1,39.9,1.62,1.14,2.76,1.52,2.66,,Newcastle-United
29,Opponent Total,,,27.4,15,165,1350.0,15.0,11.0,10.0,10.0,1.0,1.0,30.0,1.0,0.73,0.67,1.4,0.67,1.33,14.3,13.6,11.7,25.3,0.96,0.78,1.74,0.91,1.69,,Newcastle-United
0,Hugo Lloris,fr FRA,GK,35-337,15,15,1350.0,15.0,0.0,0.0,0.0,0.0,0.0,0.0,0.0,0.0,0.0,0.0,0.0,0.0,0.0,0.0,0.0,0.0,0.0,0.0,0.0,0.0,0.0,Matches,Tottenham-Hotspur
1,Harry Kane,eng ENG,FW,29-123,15,15,1335.0,14.8,12.0,1.0,10.0,2.0,3.0,4.0,0.0,0.81,0.07,0.88,0.67,0.74,9.4,7.1,2.4,9.5,0.64,0.16,0.8,0.48,0.64,Matches,Tottenham-Hotspur
2,Eric Dier,eng ENG,DF,28-317,15,14,1285.0,14.3,2.0,0.0,2.0,0.0,0.0,1.0,0.0,0.14,0.0,0.14,0.14,0.14,0.7,0.7,0.7,1.4,0.05,0.05,0.1,0.05,0.1,Matches,Tottenham-Hotspur
3,Pierre Højbjerg,dk DEN,MF,27-115,14,14,1244.0,13.8,3.0,2.0,3.0,0.0,0.0,1.0,0.0,0.22,0.14,0.36,0.22,0.36,0.9,0.9,1.3,2.2,0.07,0.09,0.16,0.07,0.16,Matches,Tottenham-Hotspur
4,Rodrigo Bentancur,uy URU,MF,25-156,14,13,1182.0,13.1,4.0,2.0,4.0,0.0,0.0,5.0,0.0,0.3,0.15,0.46,0.3,0.46,1.4,1.4,0.8,2.2,0.11,0.06,0.17,0.11,0.17,Matches,Tottenham-Hotspur
5,Son Heung-min,kr KOR,"MF,FW",30-143,13,12,1030.0,11.4,3.0,2.0,3.0,0.0,0.0,0.0,0.0,0.26,0.17,0.44,0.26,0.44,3.5,3.5,2.7,6.2,0.31,0.23,0.54,0.31,0.54,Matches,Tottenham-Hotspur
6,Ben Davies,wls WAL,DF,29-218,12,11,995.0,11.1,2.0,1.0,2.0,0.0,0.0,1.0,0.0,0.18,0.09,0.27,0.18,0.27,0.5,0.5,1.3,1.8,0.05,0.11,0.16,0.05,0.16,Matches,Tottenham-Hotspur
7,Emerson,br BRA,DF,23-318,12,11,899.0,10.0,0.0,1.0,0.0,0.0,0.0,1.0,1.0,0.0,0.1,0.1,0.0,0.1,1.0,1.0,0.3,1.3,0.1,0.03,0.13,0.1,0.13,Matches,Tottenham-Hotspur
8,Ivan Perišić,hr CRO,"DF,MF",33-299,15,9,833.0,9.3,0.0,4.0,0.0,0.0,0.0,2.0,0.0,0.0,0.43,0.43,0.0,0.43,0.9,0.9,3.0,3.9,0.1,0.32,0.43,0.1,0.43,Matches,Tottenham-Hotspur
9,Ryan Sessegnon,eng ENG,DF,22-194,12,8,662.0,7.4,2.0,0.0,2.0,0.0,0.0,3.0,0.0,0.27,0.0,0.27,0.27,0.27,1.4,1.4,0.7,2.1,0.19,0.1,0.28,0.19,0.28,Matches,Tottenham-Hotspur
10,Cristian Romero,ar ARG,DF,24-215,8,7,658.0,7.3,0.0,0.0,0.0,0.0,0.0,1.0,0.0,0.0,0.0,0.0,0.0,0.0,0.6,0.6,0.3,0.9,0.09,0.03,0.12,0.09,0.12,Matches,Tottenham-Hotspur
11,Dejan Kulusevski,se SWE,"MF,FW",22-217,9,7,611.0,6.8,1.0,5.0,1.0,0.0,0.0,0.0,0.0,0.15,0.74,0.88,0.15,0.88,1.0,1.0,2.2,3.1,0.14,0.32,0.46,0.14,0.46,Matches,Tottenham-Hotspur
12,Clément Lenglet,fr FRA,DF,27-164,8,7,571.0,6.3,0.0,1.0,0.0,0.0,0.0,0.0,0.0,0.0,0.16,0.16,0.0,0.16,0.6,0.6,0.4,1.0,0.09,0.06,0.15,0.09,0.15,Matches,Tottenham-Hotspur
13,Yves Bissouma,ml MLI,MF,26-090,14,6,606.0,6.7,0.0,0.0,0.0,0.0,0.0,3.0,0.0,0.0,0.0,0.0,0.0,0.0,0.2,0.2,0.2,0.4,0.02,0.03,0.05,0.02,0.05,Matches,Tottenham-Hotspur
14,Davinson Sánchez,co COL,DF,26-169,10,6,531.0,5.9,0.0,0.0,0.0,0.0,0.0,1.0,0.0,0.0,0.0,0.0,0.0,0.0,0.3,0.3,0.1,0.4,0.05,0.01,0.07,0.05,0.07,Matches,Tottenham-Hotspur
15,Richarlison,br BRA,"MF,FW",25-202,10,5,439.0,4.9,0.0,2.0,0.0,0.0,0.0,2.0,0.0,0.0,0.41,0.41,0.0,0.41,1.6,1.6,1.3,3.0,0.34,0.28,0.61,0.34,0.61,Matches,Tottenham-Hotspur
16,Matt Doherty,ie IRL,DF,30-316,8,3,351.0,3.9,0.0,0.0,0.0,0.0,0.0,0.0,0.0,0.0,0.0,0.0,0.0,0.0,0.2,0.2,0.1,0.3,0.06,0.02,0.08,0.06,0.08,Matches,Tottenham-Hotspur
17,Oliver Skipp,eng ENG,MF,22-073,6,2,130.0,1.4,0.0,0.0,0.0,0.0,0.0,1.0,0.0,0.0,0.0,0.0,0.0,0.0,0.1,0.1,0.2,0.3,0.04,0.17,0.21,0.04,0.21,Matches,Tottenham-Hotspur
18,Lucas Moura,br BRA,"MF,DF",30-107,8,0,98.0,1.1,0.0,0.0,0.0,0.0,0.0,0.0,0.0,0.0,0.0,0.0,0.0,0.0,0.1,0.1,0.0,0.1,0.08,0.04,0.12,0.08,0.12,Matches,Tottenham-Hotspur
19,Bryan,es ESP,MF,21-290,1,0,7.0,0.1,0.0,0.0,0.0,0.0,0.0,0.0,0.0,0.0,0.0,0.0,0.0,0.0,0.0,0.0,0.0,0.0,0.0,0.0,0.0,0.0,0.0,Matches,Tottenham-Hotspur
20,Djed Spence,eng ENG,"DF,MF",22-111,3,0,4.0,0.0,0.0,0.0,0.0,0.0,0.0,0.0,0.0,0.0,0.0,0.0,0.0,0.0,0.1,0.1,0.0,0.1,1.45,0.0,1.45,1.45,1.45,Matches,Tottenham-Hotspur
21,Fraser Forster,eng ENG,GK,34-256,0,0,,,,,,,,,,,,,,,,,,,,,,,,Matches,Tottenham-Hotspur
22,Pape Matar Sarr,sn SEN,MF,20-075,0,0,,,,,,,,,,,,,,,,,,,,,,,,Matches,Tottenham-Hotspur
23,Japhet Tanganga,eng ENG,DF,23-242,0,0,,,,,,,,,,,,,,,,,,,,,,,,Matches,Tottenham-Hotspur
24,Harvey White,eng ENG,MF,21-070,0,0,,,,,,,,,,,,,,,,,,,,,,,,Matches,Tottenham-Hotspur
25,Squad Total,,,28.2,15,165,1350.0,15.0,29.0,21.0,27.0,2.0,3.0,26.0,1.0,1.93,1.4,3.33,1.8,3.2,24.1,21.8,17.8,39.6,1.61,1.19,2.8,1.45,2.64,,Tottenham-Hotspur
26,Opponent Total,,,26.9,15,165,1350.0,15.0,21.0,16.0,20.0,1.0,1.0,33.0,1.0,1.4,1.07,2.47,1.33,2.4,16.5,15.8,11.8,27.6,1.1,0.79,1.89,1.05,1.84,,Tottenham-Hotspur
0,David de Gea,es ESP,GK,32-021,14,14,1260.0,14.0,0.0,0.0,0.0,0.0,0.0,0.0,0.0,0.0,0.0,0.0,0.0,0.0,0.0,0.0,0.1,0.1,0.0,0.01,0.01,0.0,0.01,Matches,Manchester-United
1,Lisandro Martínez,ar ARG,DF,24-314,14,14,1204.0,13.4,0.0,0.0,0.0,0.0,0.0,3.0,0.0,0.0,0.0,0.0,0.0,0.0,0.1,0.1,0.0,0.1,0.01,0.0,0.01,0.01,0.01,Matches,Manchester-United
2,Bruno Fernandes,pt POR,"MF,FW",28-081,13,13,1169.0,13.0,2.0,1.0,2.0,0.0,0.0,5.0,0.0,0.15,0.08,0.23,0.15,0.23,2.0,2.0,3.2,5.2,0.15,0.25,0.4,0.15,0.4,Matches,Manchester-United
3,Diogo Dalot,pt POR,DF,23-255,13,13,1165.0,12.9,0.0,1.0,0.0,0.0,0.0,5.0,0.0,0.0,0.08,0.08,0.0,0.08,0.6,0.6,1.3,1.9,0.05,0.1,0.15,0.05,0.15,Matches,Manchester-United
4,Marcus Rashford,eng ENG,FW,25-028,14,13,1126.0,12.5,4.0,2.0,4.0,0.0,0.0,1.0,0.0,0.32,0.16,0.48,0.32,0.48,4.2,4.2,2.0,6.2,0.33,0.16,0.49,0.33,0.49,Matches,Manchester-United
5,Christian Eriksen,dk DEN,MF,30-287,13,12,1043.0,11.6,1.0,4.0,1.0,0.0,0.0,1.0,0.0,0.09,0.35,0.43,0.09,0.43,2.4,2.4,1.8,4.2,0.21,0.15,0.36,0.21,0.36,Matches,Manchester-United
6,Jadon Sancho,eng ENG,FW,22-248,10,10,714.0,7.9,2.0,1.0,2.0,0.0,0.0,0.0,0.0,0.25,0.13,0.38,0.25,0.38,1.6,1.6,0.8,2.5,0.21,0.1,0.31,0.21,0.31,Matches,Manchester-United
7,Luke Shaw,eng ENG,DF,27-139,10,9,783.0,8.7,0.0,1.0,0.0,0.0,0.0,3.0,0.0,0.0,0.11,0.11,0.0,0.11,0.2,0.2,1.4,1.6,0.02,0.17,0.19,0.02,0.19,Matches,Manchester-United
8,Raphaël Varane,fr FRA,DF,29-217,10,8,684.0,7.6,0.0,0.0,0.0,0.0,0.0,1.0,0.0,0.0,0.0,0.0,0.0,0.0,0.0,0.0,0.1,0.1,0.0,0.02,0.02,0.0,0.02,Matches,Manchester-United
9,Casemiro,br BRA,MF,30-278,11,7,712.0,7.9,1.0,1.0,1.0,0.0,0.0,2.0,0.0,0.13,0.13,0.25,0.13,0.25,0.5,0.5,0.8,1.3,0.06,0.1,0.16,0.06,0.16,Matches,Manchester-United
10,Scott McTominay,sct SCO,MF,25-355,12,6,640.0,7.1,0.0,0.0,0.0,0.0,0.0,5.0,0.0,0.0,0.0,0.0,0.0,0.0,0.7,0.7,0.2,0.9,0.1,0.03,0.13,0.1,0.13,Matches,Manchester-United
11,Tyrell Malacia,nl NED,DF,23-103,9,6,567.0,6.3,0.0,0.0,0.0,0.0,0.0,2.0,0.0,0.0,0.0,0.0,0.0,0.0,0.0,0.0,0.0,0.0,0.01,0.0,0.01,0.01,0.01,Matches,Manchester-United
12,Antony,br BRA,"FW,MF",22-277,6,6,491.0,5.5,3.0,0.0,3.0,0.0,0.0,1.0,0.0,0.55,0.0,0.55,0.55,0.55,1.6,1.6,0.4,2.0,0.3,0.07,0.37,0.3,0.37,Matches,Manchester-United
13,Anthony Elanga,se SWE,FW,20-215,10,5,369.0,4.1,0.0,1.0,0.0,0.0,0.0,0.0,0.0,0.0,0.24,0.24,0.0,0.24,0.5,0.5,0.8,1.3,0.12,0.2,0.32,0.12,0.32,Matches,Manchester-United
14,Cristiano Ronaldo,pt POR,FW,37-296,10,4,525.0,5.8,1.0,0.0,1.0,0.0,0.0,2.0,0.0,0.17,0.0,0.17,0.17,0.17,1.9,1.9,0.4,2.3,0.32,0.07,0.4,0.32,0.4,Matches,Manchester-United
15,Fred,br BRA,MF,29-268,11,4,398.0,4.4,1.0,0.0,1.0,0.0,0.0,2.0,0.0,0.23,0.0,0.23,0.23,0.23,0.8,0.8,0.8,1.6,0.18,0.17,0.35,0.18,0.35,Matches,Manchester-United
16,Victor Lindelöf,se SWE,DF,28-134,5,3,352.0,3.9,0.0,0.0,0.0,0.0,0.0,0.0,0.0,0.0,0.0,0.0,0.0,0.0,0.0,0.0,0.0,0.0,0.0,0.0,0.0,0.0,0.0,Matches,Manchester-United
17,Harry Maguire,eng ENG,DF,29-268,4,3,281.0,3.1,0.0,0.0,0.0,0.0,0.0,3.0,0.0,0.0,0.0,0.0,0.0,0.0,0.2,0.2,0.0,0.2,0.07,0.01,0.08,0.07,0.08,Matches,Manchester-United
18,Anthony Martial,fr FRA,"FW,MF",26-358,5,2,201.0,2.2,2.0,2.0,1.0,1.0,1.0,0.0,0.0,0.9,0.9,1.79,0.45,1.34,1.7,1.0,0.8,1.7,0.78,0.35,1.13,0.43,0.78,Matches,Manchester-United
19,Donny van de Beek,nl NED,MF,25-224,4,1,87.0,1.0,0.0,0.0,0.0,0.0,0.0,0.0,0.0,0.0,0.0,0.0,0.0,0.0,0.0,0.0,0.0,0.1,0.03,0.02,0.05,0.03,0.05,Matches,Manchester-United
20,Alejandro Garnacho,es ESP,FW,18-150,3,1,84.0,0.9,1.0,0.0,1.0,0.0,0.0,1.0,0.0,1.07,0.0,1.07,1.07,1.07,0.4,0.4,0.0,0.4,0.39,0.0,0.39,0.39,0.39,Matches,Manchester-United
21,Aaron Wan-Bissaka,eng ENG,DF,25-002,1,0,5.0,0.1,0.0,0.0,0.0,0.0,0.0,0.0,0.0,0.0,0.0,0.0,0.0,0.0,0.0,0.0,0.0,0.0,0.0,0.0,0.0,0.0,0.0,Matches,Manchester-United
22,Nathan Bishop,eng ENG,GK,23-044,0,0,,,,,,,,,,,,,,,,,,,,,,,,Matches,Manchester-United
23,Martin Dúbravka,sk SVK,GK,33-317,0,0,,,,,,,,,,,,,,,,,,,,,,,,Matches,Manchester-United
24,James Garner,eng ENG,MF,21-260,0,0,,,,,,,,,,,,,,,,,,,,,,,,Matches,Manchester-United
25,Tom Heaton,eng ENG,GK,36-227,0,0,,,,,,,,,,,,,,,,,,,,,,,,Matches,Manchester-United
26,Zidane Iqbal,iq IRQ,MF,19-215,0,0,,,,,,,,,,,,,,,,,,,,,,,,Matches,Manchester-United
27,Matej Kovar,cz CZE,GK,22-195,0,0,,,,,,,,,,,,,,,,,,,,,,,,Matches,Manchester-United
28,Kobbie Mainoo,eng ENG,MF,17-223,0,0,,,,,,,,,,,,,,,,,,,,,,,,Matches,Manchester-United
29,Facundo Pellistri,uy URU,FW,20-343,0,0,,,,,,,,,,,,,,,,,,,,,,,,Matches,Manchester-United
30,Shola Shoretire,eng ENG,MF,18-299,0,0,,,,,,,,,,,,,,,,,,,,,,,,Matches,Manchester-United
31,Squad Total,,,27.3,14,154,1260.0,14.0,18.0,14.0,17.0,1.0,1.0,37.0,0.0,1.29,1.0,2.29,1.21,2.21,18.8,18.0,14.8,32.8,1.34,1.05,2.4,1.29,2.34,,Manchester-United
32,Opponent Total,,,27.4,14,154,1260.0,14.0,20.0,12.0,19.0,1.0,1.0,17.0,0.0,1.43,0.86,2.29,1.36,2.21,17.3,16.5,12.3,28.9,1.24,0.88,2.12,1.18,2.06,,Manchester-United
0,Alisson,br BRA,GK,30-057,14,14,1260.0,14.0,0.0,1.0,0.0,0.0,0.0,0.0,0.0,0.0,0.07,0.07,0.0,0.07,0.0,0.0,0.3,0.3,0.0,0.02,0.02,0.0,0.02,Matches,Liverpool
1,Virgil van Dijk,nl NED,DF,31-143,14,14,1260.0,14.0,1.0,0.0,1.0,0.0,0.0,1.0,0.0,0.07,0.0,0.07,0.07,0.07,1.0,1.0,0.0,1.0,0.07,0.0,0.07,0.07,0.07,Matches,Liverpool
2,Mohamed Salah,eg EGY,FW,30-166,14,14,1236.0,13.7,6.0,3.0,6.0,0.0,0.0,0.0,0.0,0.44,0.22,0.66,0.44,0.66,7.0,7.0,2.2,9.3,0.51,0.16,0.68,0.51,0.68,Matches,Liverpool
3,Trent Alexander-Arnold,eng ENG,DF,24-052,14,12,989.0,11.0,1.0,0.0,1.0,0.0,0.0,2.0,0.0,0.09,0.0,0.09,0.09,0.09,1.1,1.1,2.2,3.3,0.1,0.2,0.3,0.1,0.3,Matches,Liverpool
4,Fabinho,br BRA,MF,29-036,14,11,997.0,11.1,0.0,0.0,0.0,0.0,0.0,2.0,0.0,0.0,0.0,0.0,0.0,0.0,0.2,0.2,0.5,0.7,0.02,0.05,0.07,0.02,0.07,Matches,Liverpool
5,Roberto Firmino,br BRA,"FW,MF",31-057,13,11,929.0,10.3,7.0,3.0,7.0,0.0,0.0,0.0,0.0,0.68,0.29,0.97,0.68,0.97,4.2,4.2,1.8,6.0,0.41,0.17,0.58,0.41,0.58,Matches,Liverpool
6,Andrew Robertson,sct SCO,DF,28-262,12,10,861.0,9.6,0.0,4.0,0.0,0.0,0.0,0.0,0.0,0.0,0.42,0.42,0.0,0.42,0.4,0.4,2.4,2.8,0.04,0.25,0.29,0.04,0.29,Matches,Liverpool
7,Harvey Elliott,eng ENG,MF,19-238,14,10,859.0,9.5,1.0,1.0,1.0,0.0,0.0,0.0,0.0,0.1,0.1,0.21,0.1,0.21,1.0,1.0,2.2,3.2,0.11,0.23,0.34,0.11,0.34,Matches,Liverpool
8,Joe Gomez,eng ENG,DF,25-189,12,9,887.0,9.9,0.0,0.0,0.0,0.0,0.0,2.0,0.0,0.0,0.0,0.0,0.0,0.0,0.1,0.1,0.2,0.3,0.01,0.02,0.03,0.01,0.03,Matches,Liverpool
9,Thiago Alcántara,es ESP,MF,31-231,8,8,644.0,7.2,0.0,0.0,0.0,0.0,0.0,1.0,0.0,0.0,0.0,0.0,0.0,0.0,0.1,0.1,0.6,0.6,0.01,0.08,0.09,0.01,0.09,Matches,Liverpool
10,Jordan Henderson,eng ENG,MF,32-164,12,7,648.0,7.2,0.0,0.0,0.0,0.0,0.0,0.0,0.0,0.0,0.0,0.0,0.0,0.0,0.5,0.5,1.0,1.4,0.06,0.14,0.2,0.06,0.2,Matches,Liverpool
11,Luis Díaz,co COL,FW,25-319,8,7,613.0,6.8,3.0,2.0,3.0,0.0,0.0,2.0,0.0,0.44,0.29,0.73,0.44,0.73,1.7,1.7,1.0,2.7,0.26,0.15,0.4,0.26,0.4,Matches,Liverpool
12,Darwin Núñez,uy URU,FW,23-157,10,7,604.0,6.7,5.0,2.0,5.0,0.0,0.0,0.0,1.0,0.75,0.3,1.04,0.75,1.04,4.7,4.7,2.3,7.0,0.7,0.34,1.04,0.7,1.04,Matches,Liverpool
13,James Milner,eng ENG,"DF,MF",36-328,12,4,469.0,5.2,0.0,1.0,0.0,0.0,0.0,0.0,0.0,0.0,0.19,0.19,0.0,0.19,0.3,0.3,0.7,1.0,0.07,0.13,0.2,0.07,0.2,Matches,Liverpool
14,Kostas Tsimikas,gr GRE,DF,26-200,10,4,367.0,4.1,0.0,3.0,0.0,0.0,0.0,1.0,0.0,0.0,0.74,0.74,0.0,0.74,0.2,0.2,0.7,0.9,0.05,0.16,0.22,0.05,0.22,Matches,Liverpool
15,Fabio Carvalho,pt POR,"MF,FW",20-090,11,4,337.0,3.7,2.0,0.0,2.0,0.0,0.0,0.0,0.0,0.53,0.0,0.53,0.53,0.53,1.1,1.1,0.1,1.2,0.3,0.03,0.32,0.3,0.32,Matches,Liverpool
16,Joël Matip,cm CMR,DF,31-112,4,3,259.0,2.9,0.0,0.0,0.0,0.0,0.0,0.0,0.0,0.0,0.0,0.0,0.0,0.0,0.0,0.0,0.0,0.0,0.0,0.0,0.0,0.0,0.0,Matches,Liverpool
17,Diogo Jota,pt POR,"FW,MF",25-359,4,2,196.0,2.2,0.0,1.0,0.0,0.0,0.0,1.0,0.0,0.0,0.46,0.46,0.0,0.46,0.8,0.8,0.8,1.6,0.35,0.38,0.73,0.35,0.73,Matches,Liverpool
18,Curtis Jones,eng ENG,MF,21-302,4,1,172.0,1.9,0.0,0.0,0.0,0.0,0.0,0.0,0.0,0.0,0.0,0.0,0.0,0.0,0.2,0.2,0.2,0.4,0.09,0.1,0.19,0.09,0.19,Matches,Liverpool
19,Ibrahima Konaté,fr FRA,DF,23-187,2,1,112.0,1.2,0.0,0.0,0.0,0.0,0.0,0.0,0.0,0.0,0.0,0.0,0.0,0.0,0.0,0.0,0.0,0.0,0.0,0.0,0.0,0.0,0.0,Matches,Liverpool
20,Nathaniel Phillips,eng ENG,DF,25-252,2,1,66.0,0.7,0.0,0.0,0.0,0.0,0.0,0.0,0.0,0.0,0.0,0.0,0.0,0.0,0.0,0.0,0.0,0.0,0.06,0.0,0.06,0.06,0.06,Matches,Liverpool
21,Alex Oxlade-Chamberlain,eng ENG,FW,29-105,3,0,32.0,0.4,0.0,0.0,0.0,0.0,0.0,0.0,0.0,0.0,0.0,0.0,0.0,0.0,0.0,0.0,0.1,0.1,0.0,0.37,0.37,0.0,0.37,Matches,Liverpool
22,Stefan Bajcetic,es ESP,MF,18-037,1,0,21.0,0.2,0.0,0.0,0.0,0.0,0.0,0.0,0.0,0.0,0.0,0.0,0.0,0.0,0.0,0.0,0.0,0.0,0.0,0.0,0.0,0.0,0.0,Matches,Liverpool
23,Bobby Clark,eng ENG,MF,17-294,1,0,8.0,0.1,0.0,0.0,0.0,0.0,0.0,0.0,0.0,0.0,0.0,0.0,0.0,0.0,0.0,0.0,0.0,0.0,0.0,0.0,0.0,0.0,0.0,Matches,Liverpool
24,Adrián,es ESP,GK,35-329,0,0,,,,,,,,,,,,,,,,,,,,,,,,Matches,Liverpool
25,Luke Chambers,eng ENG,DF,18-157,0,0,,,,,,,,,,,,,,,,,,,,,,,,Matches,Liverpool
26,Harvey Davies,eng ENG,GK,19-086,0,0,,,,,,,,,,,,,,,,,,,,,,,,Matches,Liverpool
27,Sepp van den Berg,nl NED,"DF,MF",20-343,0,0,,,,,,,,,,,,,,,,,,,,,,,,Matches,Liverpool
28,Ben Doak,sct SCO,FW,17-017,0,0,,,,,,,,,,,,,,,,,,,,,,,,Matches,Liverpool
29,Naby Keïta,gn GUI,MF,27-291,0,0,,,,,,,,,,,,,,,,,,,,,,,,Matches,Liverpool
30,Caoimhín Kelleher,ie IRL,GK,24-005,0,0,,,,,,,,,,,,,,,,,,,,,,,,Matches,Liverpool
31,Arthur Melo,br BRA,MF,26-108,0,0,,,,,,,,,,,,,,,,,,,,,,,,Matches,Liverpool
32,Calvin Ramsay,sct SCO,DF,19-120,0,0,,,,,,,,,,,,,,,,,,,,,,,,Matches,Liverpool
33,Squad Total,,,28.2,14,154,1260.0,14.0,26.0,21.0,26.0,0.0,0.0,12.0,1.0,1.86,1.5,3.36,1.86,3.36,24.2,24.2,19.1,43.3,1.73,1.36,3.09,1.73,3.09,,Liverpool
34,Opponent Total,,,26.8,14,154,1260.0,14.0,17.0,12.0,15.0,2.0,3.0,22.0,0.0,1.21,0.86,2.07,1.07,1.93,19.5,17.5,13.7,31.2,1.39,0.98,2.37,1.25,2.23,,Liverpool
0,Lewis Dunk,eng ENG,DF,31-007,14,14,1260.0,14.0,0.0,0.0,0.0,0.0,0.0,0.0,0.0,0.0,0.0,0.0,0.0,0.0,0.7,0.7,0.1,0.8,0.05,0.01,0.06,0.05,0.06,Matches,Brighton-and-Hove-Albion
1,Robert Sánchez,es ESP,GK,25-010,14,14,1260.0,14.0,0.0,0.0,0.0,0.0,0.0,0.0,0.0,0.0,0.0,0.0,0.0,0.0,0.0,0.0,0.0,0.0,0.0,0.0,0.0,0.0,0.0,Matches,Brighton-and-Hove-Albion
2,Alexis Mac Allister,ar ARG,MF,23-339,14,14,1256.0,14.0,5.0,0.0,2.0,3.0,3.0,4.0,0.0,0.36,0.0,0.36,0.14,0.14,3.6,1.2,0.8,2.0,0.26,0.06,0.32,0.09,0.15,Matches,Brighton-and-Hove-Albion
3,Moisés Caicedo,ec ECU,MF,21-026,14,14,1245.0,13.8,1.0,0.0,1.0,0.0,0.0,4.0,0.0,0.07,0.0,0.07,0.07,0.07,0.8,0.8,0.8,1.6,0.06,0.06,0.12,0.06,0.12,Matches,Brighton-and-Hove-Albion
4,Solly March,eng ENG,"DF,FW",28-131,14,14,1214.0,13.5,0.0,2.0,0.0,0.0,0.0,1.0,0.0,0.0,0.15,0.15,0.0,0.15,2.6,2.6,1.3,4.0,0.19,0.1,0.29,0.19,0.29,Matches,Brighton-and-Hove-Albion
5,Pascal Groß,de GER,"MF,FW",31-166,14,14,1192.0,13.2,5.0,2.0,5.0,0.0,0.0,2.0,0.0,0.38,0.15,0.53,0.38,0.53,2.7,2.7,3.4,6.1,0.2,0.25,0.46,0.2,0.46,Matches,Brighton-and-Hove-Albion
6,Leandro Trossard,be BEL,"FW,MF",27-359,14,14,1174.0,13.0,7.0,2.0,7.0,0.0,0.0,1.0,0.0,0.54,0.15,0.69,0.54,0.69,4.3,4.3,1.9,6.1,0.33,0.14,0.47,0.33,0.47,Matches,Brighton-and-Hove-Albion
7,Adam Webster,eng ENG,DF,27-328,13,13,1170.0,13.0,0.0,0.0,0.0,0.0,0.0,1.0,0.0,0.0,0.0,0.0,0.0,0.0,1.2,1.2,0.0,1.3,0.09,0.0,0.1,0.09,0.1,Matches,Brighton-and-Hove-Albion
8,Danny Welbeck,eng ENG,FW,32-002,13,11,996.0,11.1,0.0,2.0,0.0,0.0,0.0,0.0,0.0,0.0,0.18,0.18,0.0,0.18,3.0,3.0,1.8,4.8,0.27,0.16,0.44,0.27,0.44,Matches,Brighton-and-Hove-Albion
9,Joël Veltman,nl NED,DF,30-317,13,11,947.0,10.5,0.0,0.0,0.0,0.0,0.0,1.0,0.0,0.0,0.0,0.0,0.0,0.0,0.5,0.5,0.2,0.7,0.05,0.02,0.07,0.05,0.07,Matches,Brighton-and-Hove-Albion
10,Pervis Estupiñán,ec ECU,DF,24-311,11,8,631.0,7.0,0.0,0.0,0.0,0.0,0.0,3.0,0.0,0.0,0.0,0.0,0.0,0.0,0.1,0.1,1.7,1.8,0.01,0.24,0.26,0.01,0.26,Matches,Brighton-and-Hove-Albion
11,Adam Lallana,eng ENG,"MF,FW",34-202,11,8,489.0,5.4,1.0,1.0,1.0,0.0,0.0,0.0,0.0,0.18,0.18,0.37,0.18,0.37,0.8,0.8,0.8,1.5,0.14,0.14,0.29,0.14,0.29,Matches,Brighton-and-Hove-Albion
12,Kaoru Mitoma,jp JPN,"FW,MF",25-192,9,2,314.0,3.5,1.0,1.0,1.0,0.0,0.0,0.0,0.0,0.29,0.29,0.57,0.29,0.57,0.2,0.2,2.2,2.4,0.04,0.63,0.68,0.04,0.68,Matches,Brighton-and-Hove-Albion
13,Enock Mwepu,zm ZAM,"FW,MF",24-331,6,2,213.0,2.4,0.0,1.0,0.0,0.0,0.0,0.0,0.0,0.0,0.42,0.42,0.0,0.42,0.2,0.2,0.5,0.7,0.09,0.2,0.29,0.09,0.29,Matches,Brighton-and-Hove-Albion
14,Levi Colwill,eng ENG,DF,19-275,3,1,103.0,1.1,0.0,0.0,0.0,0.0,0.0,0.0,0.0,0.0,0.0,0.0,0.0,0.0,0.2,0.2,0.0,0.2,0.16,0.0,0.16,0.16,0.16,Matches,Brighton-and-Hove-Albion
15,Tariq Lamptey,gh GHA,DF,22-059,11,0,188.0,2.1,0.0,0.0,0.0,0.0,0.0,1.0,0.0,0.0,0.0,0.0,0.0,0.0,0.0,0.0,0.1,0.1,0.02,0.04,0.05,0.02,0.05,Matches,Brighton-and-Hove-Albion
16,Deniz Undav,de GER,"FW,MF",26-132,8,0,101.0,1.1,0.0,0.0,0.0,0.0,0.0,0.0,0.0,0.0,0.0,0.0,0.0,0.0,0.6,0.6,0.2,0.7,0.51,0.15,0.66,0.51,0.66,Matches,Brighton-and-Hove-Albion
17,Julio César Enciso,py PAR,"MF,FW",18-309,2,0,80.0,0.9,0.0,0.0,0.0,0.0,0.0,1.0,0.0,0.0,0.0,0.0,0.0,0.0,0.3,0.3,0.0,0.3,0.39,0.0,0.39,0.39,0.39,Matches,Brighton-and-Hove-Albion
18,Billy Gilmour,sct SCO,MF,21-170,4,0,16.0,0.2,0.0,0.0,0.0,0.0,0.0,0.0,0.0,0.0,0.0,0.0,0.0,0.0,0.0,0.0,0.0,0.0,0.0,0.0,0.0,0.0,0.0,Matches,Brighton-and-Hove-Albion
19,Jeremy Sarmiento,ec ECU,"MF,FW",20-165,2,0,8.0,0.1,0.0,0.0,0.0,0.0,0.0,0.0,0.0,0.0,0.0,0.0,0.0,0.0,0.0,0.0,0.0,0.0,0.48,0.0,0.48,0.48,0.48,Matches,Brighton-and-Hove-Albion
20,Jan Paul van Hecke,nl NED,DF,22-173,1,0,3.0,0.0,0.0,0.0,0.0,0.0,0.0,0.0,0.0,0.0,0.0,0.0,0.0,0.0,0.0,0.0,0.0,0.0,0.0,0.0,0.0,0.0,0.0,Matches,Brighton-and-Hove-Albion
21,Steven Alzate,co COL,MF,24-081,0,0,,,,,,,,,,,,,,,,,,,,,,,,Matches,Brighton-and-Hove-Albion
22,Evan Ferguson,ie IRL,FW,18-040,0,0,,,,,,,,,,,,,,,,,,,,,,,,Matches,Brighton-and-Hove-Albion
23,James Furlong,ie IRL,DF,20-174,0,0,,,,,,,,,,,,,,,,,,,,,,,,Matches,Brighton-and-Hove-Albion
24,Neal Maupay,fr FRA,"FW,MF",26-106,0,0,,,,,,,,,,,,,,,,,,,,,,,,Matches,Brighton-and-Hove-Albion
25,Andrew Moran,ie IRL,DF,19-044,0,0,,,,,,,,,,,,,,,,,,,,,,,,Matches,Brighton-and-Hove-Albion
26,Jason Steele,eng ENG,GK,32-102,0,0,,,,,,,,,,,,,,,,,,,,,,,,Matches,Brighton-and-Hove-Albion
27,Ed Turns,wls WAL,DF,20-041,0,0,,,,,,,,,,,,,,,,,,,,,,,,Matches,Brighton-and-Hove-Albion
28,Squad Total,,,27.6,14,154,1260.0,14.0,20.0,11.0,17.0,3.0,3.0,19.0,0.0,1.43,0.79,2.21,1.21,2.0,21.5,19.3,15.7,35.0,1.53,1.12,2.66,1.38,2.5,,Brighton-and-Hove-Albion
29,Opponent Total,,,27.4,14,154,1260.0,14.0,16.0,12.0,12.0,4.0,4.0,34.0,1.0,1.14,0.86,2.0,0.86,1.71,15.9,12.7,9.7,22.4,1.13,0.69,1.82,0.91,1.6,,Brighton-and-Hove-Albion
0,Mason Mount,eng ENG,"MF,FW",23-322,14,13,1030.0,11.4,2.0,2.0,2.0,0.0,0.0,2.0,0.0,0.17,0.17,0.35,0.17,0.35,1.5,1.5,1.6,3.2,0.13,0.14,0.28,0.13,0.28,Matches,Chelsea
1,Ruben Loftus-Cheek,eng ENG,"MF,DF",26-309,14,12,954.0,10.6,0.0,0.0,0.0,0.0,0.0,1.0,0.0,0.0,0.0,0.0,0.0,0.0,0.8,0.8,0.9,1.8,0.08,0.09,0.17,0.08,0.17,Matches,Chelsea
2,Thiago Silva,br BRA,DF,38-067,12,11,1074.0,11.9,0.0,2.0,0.0,0.0,0.0,1.0,0.0,0.0,0.17,0.17,0.0,0.17,0.5,0.5,0.4,0.8,0.04,0.03,0.07,0.04,0.07,Matches,Chelsea
3,Raheem Sterling,eng ENG,"FW,MF",27-355,12,11,950.0,10.6,3.0,1.0,3.0,0.0,0.0,3.0,0.0,0.28,0.09,0.38,0.28,0.38,3.0,3.0,2.1,5.1,0.28,0.2,0.48,0.28,0.48,Matches,Chelsea
4,Jorginho,it ITA,MF,30-343,13,11,903.0,10.0,2.0,0.0,0.0,2.0,2.0,3.0,0.0,0.2,0.0,0.2,0.0,0.0,1.7,0.1,0.2,0.3,0.17,0.02,0.19,0.01,0.03,Matches,Chelsea
5,Kai Havertz,de GER,"FW,MF",23-170,13,11,883.0,9.8,3.0,0.0,3.0,0.0,0.0,3.0,0.0,0.31,0.0,0.31,0.31,0.31,2.8,2.8,0.4,3.2,0.28,0.04,0.33,0.28,0.33,Matches,Chelsea
6,Marc Cucurella,es ESP,DF,24-129,13,11,847.0,9.4,0.0,2.0,0.0,0.0,0.0,2.0,0.0,0.0,0.21,0.21,0.0,0.21,0.3,0.3,0.3,0.6,0.03,0.03,0.06,0.03,0.06,Matches,Chelsea
7,Edouard Mendy,sn SEN,GK,30-272,9,8,765.0,8.5,0.0,0.0,0.0,0.0,0.0,1.0,0.0,0.0,0.0,0.0,0.0,0.0,0.0,0.0,0.0,0.0,0.0,0.0,0.0,0.0,0.0,Matches,Chelsea
8,Kalidou Koulibaly,sn SEN,DF,31-161,9,8,742.0,8.2,1.0,0.0,1.0,0.0,0.0,4.0,1.0,0.12,0.0,0.12,0.12,0.12,0.4,0.4,0.2,0.5,0.05,0.02,0.07,0.05,0.07,Matches,Chelsea
9,Trevoh Chalobah,eng ENG,DF,23-146,8,8,720.0,8.0,0.0,0.0,0.0,0.0,0.0,1.0,0.0,0.0,0.0,0.0,0.0,0.0,0.3,0.3,0.0,0.3,0.04,0.0,0.04,0.04,0.04,Matches,Chelsea
10,César Azpilicueta,es ESP,DF,33-092,11,7,672.0,7.5,0.0,0.0,0.0,0.0,0.0,2.0,0.0,0.0,0.0,0.0,0.0,0.0,0.1,0.1,0.7,0.9,0.02,0.1,0.12,0.02,0.12,Matches,Chelsea
11,Conor Gallagher,eng ENG,"MF,FW",22-295,12,7,498.0,5.5,1.0,1.0,1.0,0.0,0.0,3.0,1.0,0.18,0.18,0.36,0.18,0.36,0.5,0.5,1.3,1.8,0.1,0.23,0.32,0.1,0.32,Matches,Chelsea
12,Reece James,eng ENG,"DF,MF",22-355,7,6,559.0,6.2,1.0,1.0,1.0,0.0,0.0,3.0,0.0,0.16,0.16,0.32,0.16,0.32,0.7,0.7,1.6,2.2,0.11,0.25,0.36,0.11,0.36,Matches,Chelsea
13,Kepa Arrizabalaga,es ESP,GK,28-056,6,6,495.0,5.5,0.0,0.0,0.0,0.0,0.0,0.0,0.0,0.0,0.0,0.0,0.0,0.0,0.0,0.0,0.0,0.0,0.0,0.0,0.0,0.0,0.0,Matches,Chelsea
14,Mateo Kovačić,hr CRO,MF,28-206,11,5,635.0,7.1,0.0,1.0,0.0,0.0,0.0,2.0,0.0,0.0,0.14,0.14,0.0,0.14,0.3,0.3,0.5,0.8,0.05,0.07,0.12,0.05,0.12,Matches,Chelsea
15,Ben Chilwell,eng ENG,"DF,MF",25-342,9,4,419.0,4.7,1.0,1.0,1.0,0.0,0.0,1.0,0.0,0.21,0.21,0.43,0.21,0.43,0.3,0.3,0.1,0.5,0.07,0.03,0.1,0.07,0.1,Matches,Chelsea
16,Pierre-Emerick Aubameyang,ga GAB,FW,33-163,6,4,305.0,3.4,1.0,0.0,1.0,0.0,0.0,1.0,0.0,0.3,0.0,0.3,0.3,0.3,0.2,0.2,0.3,0.6,0.07,0.1,0.18,0.07,0.18,Matches,Chelsea
17,Christian Pulisic,us USA,"FW,DF",24-071,13,3,421.0,4.7,1.0,1.0,1.0,0.0,0.0,1.0,0.0,0.21,0.21,0.43,0.21,0.43,0.9,0.9,0.5,1.4,0.19,0.1,0.29,0.19,0.29,Matches,Chelsea
18,Armando Broja,al ALB,FW,21-079,12,2,294.0,3.3,1.0,0.0,1.0,0.0,0.0,0.0,0.0,0.31,0.0,0.31,0.31,0.31,0.8,0.8,0.1,0.9,0.26,0.02,0.27,0.26,0.27,Matches,Chelsea
19,Wesley Fofana,fr FRA,DF,21-346,2,2,180.0,2.0,0.0,0.0,0.0,0.0,0.0,0.0,0.0,0.0,0.0,0.0,0.0,0.0,0.0,0.0,0.0,0.0,0.01,0.0,0.01,0.01,0.01,Matches,Chelsea
20,N'Golo Kanté,fr FRA,MF,31-244,2,2,174.0,1.9,0.0,0.0,0.0,0.0,0.0,0.0,0.0,0.0,0.0,0.0,0.0,0.0,0.1,0.1,0.3,0.4,0.05,0.13,0.18,0.05,0.18,Matches,Chelsea
21,Hakim Ziyech,ma MAR,"MF,FW",29-254,5,1,152.0,1.7,0.0,0.0,0.0,0.0,0.0,0.0,0.0,0.0,0.0,0.0,0.0,0.0,0.2,0.2,0.1,0.3,0.09,0.07,0.16,0.09,0.16,Matches,Chelsea
22,Lewis Hall,eng ENG,DF,18-081,1,1,72.0,0.8,0.0,0.0,0.0,0.0,0.0,0.0,0.0,0.0,0.0,0.0,0.0,0.0,0.0,0.0,0.1,0.1,0.0,0.17,0.17,0.0,0.17,Matches,Chelsea
23,Carney Chukwuemeka,eng ENG,MF,19-039,3,0,46.0,0.5,0.0,0.0,0.0,0.0,0.0,0.0,0.0,0.0,0.0,0.0,0.0,0.0,0.1,0.1,0.0,0.1,0.17,0.05,0.22,0.17,0.22,Matches,Chelsea
24,Ethan Ampadu,wls WAL,"DF,MF",22-075,0,0,,,,,,,,,,,,,,,,,,,,,,,,Matches,Chelsea
25,Marcus Bettinelli,eng ENG,GK,30-188,0,0,,,,,,,,,,,,,,,,,,,,,,,,Matches,Chelsea
26,Billy Gilmour,sct SCO,MF,21-170,0,0,,,,,,,,,,,,,,,,,,,,,,,,Matches,Chelsea
27,Callum Hudson-Odoi,eng ENG,"FW,MF",22-021,0,0,,,,,,,,,,,,,,,,,,,,,,,,Matches,Chelsea
28,Omari Hutchinson,eng ENG,DF,19-029,0,0,,,,,,,,,,,,,,,,,,,,,,,,Matches,Chelsea
29,Harvey Vale,eng ENG,MF,19-078,0,0,,,,,,,,,,,,,,,,,,,,,,,,Matches,Chelsea
30,Denis Zakaria,ch SUI,MF,26-008,0,0,,,,,,,,,,,,,,,,,,,,,,,,Matches,Chelsea
31,Squad Total,,,27.8,14,154,1260.0,14.0,17.0,12.0,15.0,2.0,2.0,34.0,2.0,1.21,0.86,2.07,1.07,1.93,15.4,13.9,11.6,25.5,1.1,0.83,1.93,1.0,1.82,,Chelsea
32,Opponent Total,,,26.9,14,154,1260.0,14.0,15.0,11.0,15.0,0.0,0.0,21.0,0.0,1.07,0.79,1.86,1.07,1.86,19.3,19.3,15.6,35.0,1.38,1.12,2.5,1.38,2.5,,Chelsea
0,Tim Ream,us USA,DF,35-054,15,15,1347.0,15.0,0.0,0.0,0.0,0.0,0.0,1.0,0.0,0.0,0.0,0.0,0.0,0.0,0.2,0.2,0.0,0.2,0.01,0.0,0.01,0.01,0.01,Matches,Fulham
1,Andreas Pereira,br BRA,MF,26-331,15,15,1240.0,13.8,2.0,4.0,1.0,1.0,1.0,3.0,0.0,0.15,0.29,0.44,0.07,0.36,2.2,1.5,2.8,4.2,0.16,0.2,0.37,0.11,0.31,Matches,Fulham
2,João Palhinha,pt POR,MF,27-142,14,14,1251.0,13.9,2.0,0.0,2.0,0.0,0.0,5.0,0.0,0.14,0.0,0.14,0.14,0.14,0.8,0.8,0.0,0.8,0.06,0.0,0.06,0.06,0.06,Matches,Fulham
3,Bobby Reid,jm JAM,"FW,DF",29-299,14,14,1211.0,13.5,3.0,1.0,3.0,0.0,0.0,6.0,0.0,0.22,0.07,0.3,0.22,0.3,2.5,2.5,0.6,3.1,0.19,0.05,0.23,0.19,0.23,Matches,Fulham
4,Harrison Reed,eng ENG,MF,27-305,14,14,1175.0,13.1,2.0,1.0,2.0,0.0,0.0,5.0,0.0,0.15,0.08,0.23,0.15,0.23,1.0,1.0,1.6,2.6,0.08,0.13,0.2,0.08,0.2,Matches,Fulham
5,Bernd Leno,de GER,GK,30-269,13,13,1170.0,13.0,0.0,0.0,0.0,0.0,0.0,0.0,0.0,0.0,0.0,0.0,0.0,0.0,0.0,0.0,0.0,0.0,0.0,0.0,0.0,0.0,0.0,Matches,Fulham
6,Antonee Robinson,us USA,DF,25-112,13,13,1108.0,12.3,0.0,0.0,0.0,0.0,0.0,4.0,0.0,0.0,0.0,0.0,0.0,0.0,0.0,0.0,0.3,0.3,0.0,0.02,0.02,0.0,0.02,Matches,Fulham
7,Aleksandar Mitrović,rs SRB,FW,28-073,12,12,1017.0,11.3,9.0,0.0,6.0,3.0,4.0,4.0,0.0,0.8,0.0,0.8,0.53,0.53,7.7,4.6,1.3,6.0,0.69,0.12,0.81,0.41,0.53,Matches,Fulham
8,Tosin Adarabioyo,eng ENG,DF,25-065,10,10,900.0,10.0,1.0,0.0,1.0,0.0,0.0,0.0,0.0,0.1,0.0,0.1,0.1,0.1,0.1,0.1,0.0,0.2,0.01,0.0,0.02,0.01,0.02,Matches,Fulham
9,Neeskens Kebano,cd COD,FW,30-263,12,9,713.0,7.9,0.0,3.0,0.0,0.0,0.0,0.0,0.0,0.0,0.38,0.38,0.0,0.38,0.5,0.5,1.4,1.8,0.06,0.17,0.23,0.06,0.23,Matches,Fulham
10,Kenny Tete,nl NED,DF,27-050,9,8,708.0,7.9,0.0,3.0,0.0,0.0,0.0,5.0,0.0,0.0,0.38,0.38,0.0,0.38,0.1,0.1,0.3,0.4,0.01,0.04,0.05,0.01,0.05,Matches,Fulham
11,Issa Diop,fr FRA,DF,25-323,8,6,598.0,6.6,1.0,0.0,1.0,0.0,0.0,1.0,0.0,0.15,0.0,0.15,0.15,0.15,0.3,0.3,0.0,0.3,0.04,0.01,0.04,0.04,0.04,Matches,Fulham
12,Willian,br BRA,FW,34-111,8,6,564.0,6.3,1.0,1.0,1.0,0.0,0.0,0.0,0.0,0.16,0.16,0.32,0.16,0.32,1.7,1.7,1.2,2.9,0.27,0.2,0.47,0.27,0.47,Matches,Fulham
13,Carlos Vinícius,br BRA,FW,27-248,9,3,327.0,3.6,0.0,0.0,0.0,0.0,0.0,1.0,0.0,0.0,0.0,0.0,0.0,0.0,0.3,0.3,0.4,0.7,0.09,0.11,0.2,0.09,0.2,Matches,Fulham
14,Daniel James,wls WAL,FW,25-018,8,3,307.0,3.4,1.0,0.0,1.0,0.0,0.0,0.0,0.0,0.29,0.0,0.29,0.29,0.29,1.3,1.3,0.3,1.6,0.39,0.09,0.48,0.39,0.48,Matches,Fulham
15,Harry Wilson,wls WAL,FW,25-251,7,3,268.0,3.0,0.0,0.0,0.0,0.0,0.0,0.0,0.0,0.0,0.0,0.0,0.0,0.0,0.4,0.4,0.1,0.5,0.13,0.02,0.16,0.13,0.16,Matches,Fulham
16,Marek Rodák,sk SVK,GK,25-350,2,2,180.0,2.0,0.0,0.0,0.0,0.0,0.0,0.0,0.0,0.0,0.0,0.0,0.0,0.0,0.0,0.0,0.0,0.0,0.0,0.0,0.0,0.0,0.0,Matches,Fulham
17,Tom Cairney,sct SCO,MF,31-312,15,1,343.0,3.8,0.0,0.0,0.0,0.0,0.0,0.0,0.0,0.0,0.0,0.0,0.0,0.0,0.4,0.4,0.5,0.9,0.12,0.13,0.25,0.12,0.25,Matches,Fulham
18,Kevin Mbabu,ch SUI,"DF,FW",27-223,6,1,144.0,1.6,0.0,1.0,0.0,0.0,0.0,1.0,0.0,0.0,0.62,0.62,0.0,0.62,0.0,0.0,0.4,0.4,0.0,0.25,0.25,0.0,0.25,Matches,Fulham
19,Jay Stansfield,eng ENG,FW,20-004,3,1,87.0,1.0,0.0,0.0,0.0,0.0,0.0,0.0,0.0,0.0,0.0,0.0,0.0,0.0,0.3,0.3,0.1,0.3,0.26,0.09,0.35,0.26,0.35,Matches,Fulham
20,Layvin Kurzawa,fr FRA,DF,30-085,1,1,44.0,0.5,0.0,0.0,0.0,0.0,0.0,0.0,0.0,0.0,0.0,0.0,0.0,0.0,0.0,0.0,0.0,0.0,0.0,0.0,0.0,0.0,0.0,Matches,Fulham
21,Nathaniel Chalobah,eng ENG,MF,27-351,3,1,11.0,0.1,0.0,0.0,0.0,0.0,0.0,0.0,1.0,0.0,0.0,0.0,0.0,0.0,0.1,0.1,0.0,0.1,0.77,0.0,0.77,0.77,0.77,Matches,Fulham
22,Manor Solomon,il ISR,FW,23-127,1,0,25.0,0.3,0.0,0.0,0.0,0.0,0.0,0.0,0.0,0.0,0.0,0.0,0.0,0.0,0.0,0.0,0.0,0.0,0.0,0.0,0.0,0.0,0.0,Matches,Fulham
23,Josh Onomah,eng ENG,MF,25-215,2,0,15.0,0.2,0.0,0.0,0.0,0.0,0.0,0.0,0.0,0.0,0.0,0.0,0.0,0.0,0.0,0.0,0.0,0.0,0.0,0.0,0.0,0.0,0.0,Matches,Fulham
24,Luke Harris,wls WAL,"FW,MF",17-239,2,0,7.0,0.1,0.0,0.0,0.0,0.0,0.0,0.0,0.0,0.0,0.0,0.0,0.0,0.0,0.0,0.0,0.0,0.0,0.0,0.0,0.0,0.0,0.0,Matches,Fulham
25,Shane Duffy,ie IRL,"FW,DF",30-331,4,0,6.0,0.1,0.0,0.0,0.0,0.0,0.0,0.0,0.0,0.0,0.0,0.0,0.0,0.0,0.0,0.0,0.0,0.0,0.0,0.0,0.0,0.0,0.0,Matches,Fulham
26,Tyrese Francois,au AUS,FW,22-135,1,0,1.0,0.0,0.0,0.0,0.0,0.0,0.0,0.0,0.0,0.0,0.0,0.0,0.0,0.0,0.0,0.0,0.0,0.0,0.0,0.0,0.0,0.0,0.0,Matches,Fulham
27,Terry Ablade,fi FIN,FW,21-047,0,0,,,,,,,,,,,,,,,,,,,,,,,,Matches,Fulham
28,Martial Godo,,MF,,0,0,,,,,,,,,,,,,,,,,,,,,,,,Matches,Fulham
29,Rodrigo Muniz,br BRA,FW,21-208,0,0,,,,,,,,,,,,,,,,,,,,,,,,Matches,Fulham
30,Stefan Parkes,eng ENG,DF,18-245,0,0,,,,,,,,,,,,,,,,,,,,,,,,Matches,Fulham
31,Kristian Sekularac,eng ENG,MF,18-356,0,0,,,,,,,,,,,,,,,,,,,,,,,,Matches,Fulham
32,Squad Total,,,28.6,15,165,1350.0,15.0,22.0,14.0,18.0,4.0,5.0,36.0,1.0,1.47,0.93,2.4,1.2,2.13,19.6,15.8,11.3,27.0,1.31,0.75,2.06,1.05,1.8,,Fulham
33,Opponent Total,,,27.0,15,165,1350.0,15.0,26.0,16.0,23.0,3.0,3.0,21.0,2.0,1.73,1.07,2.8,1.53,2.6,27.3,25.5,19.2,44.7,1.82,1.28,3.1,1.7,2.98,,Fulham
0,David Raya,es ESP,GK,27-074,15,15,1350.0,15.0,0.0,0.0,0.0,0.0,0.0,0.0,0.0,0.0,0.0,0.0,0.0,0.0,0.0,0.0,0.0,0.0,0.0,0.0,0.0,0.0,0.0,Matches,Brentford
1,Rico Henry,eng ENG,DF,25-143,15,15,1346.0,15.0,0.0,1.0,0.0,0.0,0.0,0.0,0.0,0.0,0.07,0.07,0.0,0.07,0.5,0.5,0.8,1.4,0.04,0.05,0.09,0.04,0.09,Matches,Brentford
2,Mathias Jensen,dk DEN,MF,26-331,15,15,1127.0,12.5,1.0,3.0,1.0,0.0,0.0,2.0,0.0,0.08,0.24,0.32,0.08,0.32,0.5,0.5,2.0,2.4,0.04,0.16,0.19,0.04,0.19,Matches,Brentford
3,Bryan Mbeumo,cm CMR,FW,23-113,15,15,1120.0,12.4,3.0,1.0,2.0,1.0,1.0,3.0,0.0,0.24,0.08,0.32,0.16,0.24,3.6,2.8,1.6,4.4,0.29,0.13,0.41,0.22,0.35,Matches,Brentford
4,Ivan Toney,eng ENG,FW,26-257,14,14,1260.0,14.0,10.0,2.0,7.0,3.0,3.0,5.0,0.0,0.71,0.14,0.86,0.5,0.64,8.0,5.7,2.1,7.7,0.57,0.15,0.72,0.41,0.55,Matches,Brentford
5,Ben Mee,eng ENG,DF,33-068,14,14,1208.0,13.4,2.0,0.0,2.0,0.0,0.0,1.0,0.0,0.15,0.0,0.15,0.15,0.15,1.2,1.2,0.1,1.3,0.09,0.01,0.1,0.09,0.1,Matches,Brentford
6,Vitaly Janelt,de GER,"MF,DF",24-202,15,11,990.0,11.0,1.0,1.0,1.0,0.0,0.0,1.0,0.0,0.09,0.09,0.18,0.09,0.18,1.0,1.0,0.7,1.6,0.09,0.06,0.15,0.09,0.15,Matches,Brentford
7,Aaron Hickey,sct SCO,DF,20-171,9,8,679.0,7.5,0.0,0.0,0.0,0.0,0.0,4.0,0.0,0.0,0.0,0.0,0.0,0.0,0.1,0.1,0.0,0.1,0.01,0.0,0.01,0.01,0.01,Matches,Brentford
8,Josh Dasilva,eng ENG,MF,24-036,15,7,687.0,7.6,2.0,1.0,2.0,0.0,0.0,1.0,0.0,0.26,0.13,0.39,0.26,0.39,0.5,0.5,1.1,1.5,0.06,0.14,0.2,0.06,0.2,Matches,Brentford
9,Ethan Pinnock,jm JAM,DF,29-183,7,7,630.0,7.0,0.0,0.0,0.0,0.0,0.0,0.0,0.0,0.0,0.0,0.0,0.0,0.0,0.1,0.1,0.1,0.3,0.02,0.02,0.04,0.02,0.04,Matches,Brentford
10,Yoane Wissa,cd COD,FW,26-086,15,6,642.0,7.1,3.0,1.0,3.0,0.0,0.0,1.0,0.0,0.42,0.14,0.56,0.42,0.56,2.6,2.6,1.0,3.7,0.37,0.15,0.52,0.37,0.52,Matches,Brentford
11,Pontus Jansson,se SWE,DF,31-288,6,6,514.0,5.7,0.0,0.0,0.0,0.0,0.0,0.0,0.0,0.0,0.0,0.0,0.0,0.0,0.0,0.0,0.0,0.0,0.0,0.0,0.0,0.0,0.0,Matches,Brentford
12,Kristoffer Ajer,no NOR,DF,24-225,6,6,502.0,5.6,0.0,0.0,0.0,0.0,0.0,0.0,0.0,0.0,0.0,0.0,0.0,0.0,0.0,0.0,0.0,0.0,0.01,0.0,0.01,0.01,0.01,Matches,Brentford
13,Mathias Jørgensen,dk DEN,DF,32-219,8,5,457.0,5.1,0.0,0.0,0.0,0.0,0.0,0.0,0.0,0.0,0.0,0.0,0.0,0.0,0.4,0.4,0.1,0.5,0.08,0.01,0.1,0.08,0.1,Matches,Brentford
14,Mads Roerslev,dk DEN,DF,23-157,7,5,433.0,4.8,0.0,0.0,0.0,0.0,0.0,0.0,0.0,0.0,0.0,0.0,0.0,0.0,0.1,0.1,0.5,0.6,0.02,0.11,0.13,0.02,0.13,Matches,Brentford
15,Frank Onyeka,ng NGA,MF,24-331,12,4,442.0,4.9,0.0,1.0,0.0,0.0,0.0,0.0,0.0,0.0,0.2,0.2,0.0,0.2,0.4,0.4,0.5,0.9,0.07,0.11,0.18,0.07,0.18,Matches,Brentford
16,Shandon Baptiste,gd GRN,MF,24-234,12,4,431.0,4.8,0.0,0.0,0.0,0.0,0.0,1.0,0.0,0.0,0.0,0.0,0.0,0.0,0.2,0.2,0.7,0.9,0.04,0.15,0.19,0.04,0.19,Matches,Brentford
17,Christian Nørgaard,dk DEN,MF,28-263,5,4,338.0,3.8,1.0,0.0,1.0,0.0,0.0,0.0,0.0,0.27,0.0,0.27,0.27,0.27,0.4,0.4,0.1,0.5,0.11,0.03,0.13,0.11,0.13,Matches,Brentford
18,Keane Lewis-Potter,eng ENG,"FW,MF",21-279,7,3,287.0,3.2,0.0,1.0,0.0,0.0,0.0,0.0,0.0,0.0,0.31,0.31,0.0,0.31,0.5,0.5,1.2,1.7,0.15,0.39,0.54,0.15,0.54,Matches,Brentford
19,Mikkel Damsgaard,dk DEN,"MF,FW",22-148,9,1,267.0,3.0,0.0,0.0,0.0,0.0,0.0,2.0,0.0,0.0,0.0,0.0,0.0,0.0,0.4,0.4,0.4,0.8,0.14,0.12,0.27,0.14,0.27,Matches,Brentford
20,Sergi Canós,es ESP,"FW,DF",25-299,4,0,74.0,0.8,0.0,0.0,0.0,0.0,0.0,0.0,0.0,0.0,0.0,0.0,0.0,0.0,0.1,0.1,0.0,0.1,0.09,0.03,0.12,0.09,0.12,Matches,Brentford
21,Saman Ghoddos,ir IRN,"MF,FW",29-083,6,0,38.0,0.4,0.0,0.0,0.0,0.0,0.0,0.0,0.0,0.0,0.0,0.0,0.0,0.0,0.0,0.0,0.0,0.0,0.0,0.0,0.0,0.0,0.0,Matches,Brentford
22,Mads Bech Sørensen,dk DEN,"DF,MF",23-325,3,0,20.0,0.2,0.0,0.0,0.0,0.0,0.0,0.0,0.0,0.0,0.0,0.0,0.0,0.0,0.0,0.0,0.0,0.0,0.0,0.0,0.0,0.0,0.0,Matches,Brentford
23,Halil Dervişoğlu,tr TUR,MF,22-355,1,0,8.0,0.1,0.0,0.0,0.0,0.0,0.0,0.0,0.0,0.0,0.0,0.0,0.0,0.0,0.0,0.0,0.0,0.0,0.31,0.0,0.31,0.31,0.31,Matches,Brentford
24,Matthew Cox,eng ENG,GK,19-210,0,0,,,,,,,,,,,,,,,,,,,,,,,,Matches,Brentford
25,Tristan Crama,fr FRA,MF,21-020,0,0,,,,,,,,,,,,,,,,,,,,,,,,Matches,Brentford
26,Finley Stevens,wls WAL,DF,19-232,0,0,,,,,,,,,,,,,,,,,,,,,,,,Matches,Brentford
27,Thomas Strakosha,al ALB,GK,27-254,0,0,,,,,,,,,,,,,,,,,,,,,,,,Matches,Brentford
28,Ryan Trevitt,eng ENG,MF,19-261,0,0,,,,,,,,,,,,,,,,,,,,,,,,Matches,Brentford
29,Yehor Yarmoliuk,ua UKR,MF,18-272,0,0,,,,,,,,,,,,,,,,,,,,,,,,Matches,Brentford
30,Squad Total,,,26.4,15,165,1350.0,15.0,23.0,12.0,19.0,4.0,4.0,21.0,0.0,1.53,0.8,2.33,1.27,2.07,20.3,17.2,12.9,30.2,1.35,0.86,2.22,1.15,2.01,,Brentford
31,Opponent Total,,,27.0,15,165,1350.0,15.0,23.0,17.0,22.0,1.0,1.0,24.0,1.0,1.53,1.13,2.67,1.47,2.6,20.3,19.6,15.1,34.7,1.35,1.01,2.36,1.31,2.31,,Brentford
0,Vicente Guaita,es ESP,GK,35-322,14,14,1260.0,14.0,0.0,0.0,0.0,0.0,0.0,1.0,0.0,0.0,0.0,0.0,0.0,0.0,0.0,0.0,0.0,0.0,0.0,0.0,0.0,0.0,0.0,Matches,Crystal-Palace
1,Marc Guéhi,eng ENG,DF,22-138,14,14,1260.0,14.0,0.0,0.0,0.0,0.0,0.0,5.0,0.0,0.0,0.0,0.0,0.0,0.0,0.2,0.2,0.1,0.4,0.02,0.01,0.03,0.02,0.03,Matches,Crystal-Palace
2,Eberechi Eze,eng ENG,"MF,FW",24-152,14,14,1139.0,12.7,2.0,3.0,2.0,0.0,0.0,0.0,0.0,0.16,0.24,0.4,0.16,0.4,2.0,2.0,2.1,4.1,0.16,0.17,0.33,0.16,0.33,Matches,Crystal-Palace
3,Joachim Andersen,dk DEN,DF,26-181,13,13,1170.0,13.0,1.0,0.0,1.0,0.0,0.0,2.0,0.0,0.08,0.0,0.08,0.08,0.08,0.9,0.9,0.4,1.2,0.07,0.03,0.09,0.07,0.09,Matches,Crystal-Palace
4,Wilfried Zaha,ci CIV,"FW,MF",30-018,13,13,1147.0,12.7,6.0,2.0,6.0,0.0,2.0,3.0,0.0,0.47,0.16,0.63,0.47,0.63,4.6,2.9,1.6,4.5,0.36,0.13,0.49,0.23,0.36,Matches,Crystal-Palace
5,Jeffrey Schlupp,gh GHA,MF,29-340,14,12,1094.0,12.2,0.0,0.0,0.0,0.0,0.0,3.0,0.0,0.0,0.0,0.0,0.0,0.0,1.0,1.0,0.3,1.3,0.08,0.03,0.11,0.08,0.11,Matches,Crystal-Palace
6,Tyrick Mitchell,eng ENG,DF,23-088,14,12,977.0,10.9,0.0,2.0,0.0,0.0,0.0,2.0,0.0,0.0,0.18,0.18,0.0,0.18,0.1,0.1,0.6,0.7,0.01,0.06,0.07,0.01,0.07,Matches,Crystal-Palace
7,Cheick Doucouré,ml MLI,MF,22-324,12,12,963.0,10.7,0.0,1.0,0.0,0.0,0.0,4.0,0.0,0.0,0.09,0.09,0.0,0.09,0.4,0.4,1.0,1.3,0.03,0.09,0.13,0.03,0.13,Matches,Crystal-Palace
8,Joel Ward,eng ENG,DF,33-030,12,11,1021.0,11.3,0.0,0.0,0.0,0.0,0.0,4.0,0.0,0.0,0.0,0.0,0.0,0.0,0.0,0.0,0.1,0.1,0.0,0.0,0.0,0.0,0.0,Matches,Crystal-Palace
9,Jordan Ayew,gh GHA,"FW,MF",31-078,14,11,904.0,10.0,0.0,1.0,0.0,0.0,0.0,1.0,0.0,0.0,0.1,0.1,0.0,0.1,0.7,0.7,1.2,1.9,0.07,0.12,0.19,0.07,0.19,Matches,Crystal-Palace
10,Odsonne Édouard,fr FRA,FW,24-316,13,9,767.0,8.5,3.0,2.0,3.0,0.0,0.0,3.0,0.0,0.35,0.23,0.59,0.35,0.59,1.9,1.9,0.8,2.7,0.22,0.09,0.32,0.22,0.32,Matches,Crystal-Palace
11,Michael Olise,fr FRA,"MF,FW",20-351,13,8,754.0,8.4,1.0,2.0,1.0,0.0,0.0,1.0,0.0,0.12,0.24,0.36,0.12,0.36,0.9,0.9,1.7,2.5,0.1,0.2,0.3,0.1,0.3,Matches,Crystal-Palace
12,Nathaniel Clyne,eng ENG,DF,31-237,8,7,580.0,6.4,0.0,0.0,0.0,0.0,0.0,1.0,0.0,0.0,0.0,0.0,0.0,0.0,0.0,0.0,0.3,0.3,0.0,0.05,0.05,0.0,0.05,Matches,Crystal-Palace
13,Jean-Philippe Mateta,fr FRA,FW,25-153,11,2,283.0,3.1,1.0,0.0,1.0,0.0,0.0,2.0,0.0,0.32,0.0,0.32,0.32,0.32,1.2,1.2,0.5,1.7,0.37,0.16,0.53,0.37,0.53,Matches,Crystal-Palace
14,Luka Milivojević,rs SRB,MF,31-235,9,2,279.0,3.1,0.0,0.0,0.0,0.0,0.0,0.0,0.0,0.0,0.0,0.0,0.0,0.0,0.2,0.2,0.0,0.3,0.08,0.01,0.09,0.08,0.09,Matches,Crystal-Palace
15,Will Hughes,eng ENG,MF,27-225,8,0,92.0,1.0,0.0,0.0,0.0,0.0,0.0,0.0,0.0,0.0,0.0,0.0,0.0,0.0,0.1,0.1,0.0,0.1,0.14,0.0,0.14,0.14,0.14,Matches,Crystal-Palace
16,James Tomkins,eng ENG,DF,33-244,1,0,48.0,0.5,0.0,0.0,0.0,0.0,0.0,0.0,0.0,0.0,0.0,0.0,0.0,0.0,0.0,0.0,0.0,0.0,0.0,0.0,0.0,0.0,0.0,Matches,Crystal-Palace
17,Chris Richards,us USA,DF,22-245,3,0,47.0,0.5,0.0,0.0,0.0,0.0,0.0,0.0,0.0,0.0,0.0,0.0,0.0,0.0,0.1,0.1,0.3,0.3,0.14,0.49,0.63,0.14,0.63,Matches,Crystal-Palace
18,Jaïro Riedewald,nl NED,"DF,FW",26-080,3,0,41.0,0.5,0.0,0.0,0.0,0.0,0.0,0.0,0.0,0.0,0.0,0.0,0.0,0.0,0.0,0.0,0.0,0.0,0.0,0.0,0.0,0.0,0.0,Matches,Crystal-Palace
19,Malcolm Ebiowei,eng ENG,"MF,FW",19-085,3,0,34.0,0.4,0.0,0.0,0.0,0.0,0.0,0.0,0.0,0.0,0.0,0.0,0.0,0.0,0.0,0.0,0.0,0.0,0.0,0.0,0.0,0.0,0.0,Matches,Crystal-Palace
20,Kofi Balmer,nir NIR,DF,22-070,0,0,,,,,,,,,,,,,,,,,,,,,,,,Matches,Crystal-Palace
21,Owen Goodman,eng ENG,GK,19-001,0,0,,,,,,,,,,,,,,,,,,,,,,,,Matches,Crystal-Palace
22,John-Kymani Gordon,eng ENG,FW,19-288,0,0,,,,,,,,,,,,,,,,,,,,,,,,Matches,Crystal-Palace
23,Sam Johnstone,eng ENG,GK,29-248,0,0,,,,,,,,,,,,,,,,,,,,,,,,Matches,Crystal-Palace
24,Killian Phillips,ie IRL,DF,20-243,0,0,,,,,,,,,,,,,,,,,,,,,,,,Matches,Crystal-Palace
25,Luke Plange,eng ENG,FW,20-024,0,0,,,,,,,,,,,,,,,,,,,,,,,,Matches,Crystal-Palace
26,Kaden Rodney,eng ENG,MF,18-052,0,0,,,,,,,,,,,,,,,,,,,,,,,,Matches,Crystal-Palace
27,Jack Wells-Morrison,eng ENG,MF,18-283,0,0,,,,,,,,,,,,,,,,,,,,,,,,Matches,Crystal-Palace
28,Joseph Whitworth,eng ENG,GK,18-272,0,0,,,,,,,,,,,,,,,,,,,,,,,,Matches,Crystal-Palace
29,Squad Total,,,27.6,14,154,1260.0,14.0,14.0,13.0,14.0,0.0,2.0,32.0,0.0,1.0,0.93,1.93,1.0,1.93,14.0,12.4,10.8,23.2,1.0,0.77,1.78,0.88,1.66,,Crystal-Palace
30,Opponent Total,,,26.8,14,154,1260.0,14.0,17.0,14.0,17.0,0.0,0.0,27.0,1.0,1.21,1.0,2.21,1.21,2.21,18.3,18.3,13.6,31.9,1.31,0.97,2.28,1.31,2.28,,Crystal-Palace
0,Emiliano Martínez,ar ARG,GK,30-087,15,15,1294.0,14.4,0.0,0.0,0.0,0.0,0.0,2.0,0.0,0.0,0.0,0.0,0.0,0.0,0.0,0.0,0.3,0.3,0.0,0.02,0.02,0.0,0.02,Matches,Aston-Villa
1,Ezri Konsa,eng ENG,DF,25-036,15,14,1261.0,14.0,0.0,0.0,0.0,0.0,0.0,2.0,0.0,0.0,0.0,0.0,0.0,0.0,0.5,0.5,0.5,0.9,0.03,0.03,0.07,0.03,0.07,Matches,Aston-Villa
2,Ollie Watkins,eng ENG,FW,26-333,14,13,1172.0,13.0,2.0,3.0,2.0,0.0,0.0,1.0,0.0,0.15,0.23,0.38,0.15,0.38,4.3,4.3,1.9,6.2,0.33,0.15,0.48,0.33,0.48,Matches,Aston-Villa
3,Tyrone Mings,eng ENG,DF,29-260,13,13,1170.0,13.0,0.0,0.0,0.0,0.0,0.0,3.0,0.0,0.0,0.0,0.0,0.0,0.0,0.0,0.0,0.1,0.1,0.0,0.0,0.01,0.0,0.01,Matches,Aston-Villa
4,John McGinn,sct SCO,MF,28-041,15,12,1056.0,11.7,0.0,0.0,0.0,0.0,0.0,4.0,0.0,0.0,0.0,0.0,0.0,0.0,1.0,1.0,0.7,1.7,0.09,0.06,0.15,0.09,0.15,Matches,Aston-Villa
5,Matty Cash,pl POL,DF,25-113,13,12,1028.0,11.4,0.0,0.0,0.0,0.0,0.0,3.0,0.0,0.0,0.0,0.0,0.0,0.0,0.2,0.2,0.7,0.8,0.02,0.06,0.07,0.02,0.07,Matches,Aston-Villa
6,Jacob Ramsey,eng ENG,MF,21-184,15,12,1021.0,11.3,2.0,2.0,2.0,0.0,0.0,4.0,0.0,0.18,0.18,0.35,0.18,0.35,1.1,1.1,1.2,2.3,0.1,0.11,0.21,0.1,0.21,Matches,Aston-Villa
7,Leon Bailey,jm JAM,"FW,MF",25-111,14,11,827.0,9.2,3.0,2.0,3.0,0.0,0.0,4.0,0.0,0.33,0.22,0.54,0.33,0.54,1.9,1.9,2.0,4.0,0.21,0.22,0.43,0.21,0.43,Matches,Aston-Villa
8,Douglas Luiz,br BRA,MF,24-203,14,10,930.0,10.3,1.0,2.0,1.0,0.0,0.0,1.0,1.0,0.1,0.19,0.29,0.1,0.29,0.2,0.2,1.3,1.6,0.02,0.13,0.15,0.02,0.15,Matches,Aston-Villa
9,Lucas Digne,fr FRA,DF,29-131,10,9,811.0,9.0,1.0,0.0,1.0,0.0,0.0,2.0,0.0,0.11,0.0,0.11,0.11,0.11,0.2,0.2,0.5,0.7,0.02,0.06,0.08,0.02,0.08,Matches,Aston-Villa
10,Danny Ings,eng ENG,FW,30-128,14,8,726.0,8.1,5.0,0.0,3.0,2.0,2.0,3.0,0.0,0.62,0.0,0.62,0.37,0.37,3.8,2.2,0.4,2.6,0.47,0.04,0.52,0.28,0.32,Matches,Aston-Villa
11,Boubacar Kamara,fr FRA,MF,23-005,9,8,669.0,7.4,0.0,0.0,0.0,0.0,0.0,2.0,0.0,0.0,0.0,0.0,0.0,0.0,0.0,0.0,0.1,0.1,0.01,0.01,0.02,0.01,0.02,Matches,Aston-Villa
12,Ashley Young,eng ENG,DF,37-142,11,7,729.0,8.1,1.0,0.0,1.0,0.0,0.0,3.0,0.0,0.12,0.0,0.12,0.12,0.12,0.2,0.2,0.7,0.9,0.02,0.09,0.11,0.02,0.11,Matches,Aston-Villa
13,Emi Buendía,ar ARG,"FW,MF",25-338,15,7,726.0,8.1,1.0,0.0,1.0,0.0,0.0,0.0,0.0,0.12,0.0,0.12,0.12,0.12,2.6,2.6,0.8,3.4,0.32,0.1,0.43,0.32,0.43,Matches,Aston-Villa
14,Philippe Coutinho,br BRA,"MF,FW",30-169,12,6,571.0,6.3,0.0,0.0,0.0,0.0,0.0,2.0,0.0,0.0,0.0,0.0,0.0,0.0,1.0,1.0,0.3,1.3,0.16,0.05,0.2,0.16,0.2,Matches,Aston-Villa
15,Leander Dendoncker,be BEL,MF,27-227,8,3,300.0,3.3,0.0,0.0,0.0,0.0,0.0,0.0,0.0,0.0,0.0,0.0,0.0,0.0,0.0,0.0,0.3,0.4,0.01,0.1,0.11,0.01,0.11,Matches,Aston-Villa
16,Diego Carlos,br BRA,DF,29-258,2,2,179.0,2.0,0.0,0.0,0.0,0.0,0.0,0.0,0.0,0.0,0.0,0.0,0.0,0.0,0.4,0.4,0.0,0.4,0.18,0.0,0.18,0.18,0.18,Matches,Aston-Villa
17,Calum Chambers,eng ENG,DF,27-312,3,1,101.0,1.1,0.0,0.0,0.0,0.0,0.0,0.0,0.0,0.0,0.0,0.0,0.0,0.0,0.0,0.0,0.0,0.0,0.0,0.0,0.0,0.0,0.0,Matches,Aston-Villa
18,Jan Bednarek,pl POL,DF,26-230,2,1,91.0,1.0,0.0,0.0,0.0,0.0,0.0,0.0,0.0,0.0,0.0,0.0,0.0,0.0,0.0,0.0,0.0,0.0,0.0,0.0,0.0,0.0,0.0,Matches,Aston-Villa
19,Ludwig Augustinsson,se SWE,DF,28-221,2,1,53.0,0.6,0.0,0.0,0.0,0.0,0.0,1.0,0.0,0.0,0.0,0.0,0.0,0.0,0.0,0.0,0.0,0.0,0.0,0.0,0.0,0.0,0.0,Matches,Aston-Villa
20,Robin Olsen,se SWE,GK,32-324,1,0,56.0,0.6,0.0,0.0,0.0,0.0,0.0,0.0,0.0,0.0,0.0,0.0,0.0,0.0,0.0,0.0,0.0,0.0,0.0,0.0,0.0,0.0,0.0,Matches,Aston-Villa
21,Cameron Archer,eng ENG,"FW,MF",21-130,6,0,49.0,0.5,0.0,0.0,0.0,0.0,0.0,0.0,0.0,0.0,0.0,0.0,0.0,0.0,0.0,0.0,0.0,0.0,0.0,0.0,0.0,0.0,0.0,Matches,Aston-Villa
22,Morgan Sanson,fr FRA,MF,28-102,1,0,1.0,0.0,0.0,0.0,0.0,0.0,0.0,0.0,0.0,0.0,0.0,0.0,0.0,0.0,0.0,0.0,0.0,0.0,0.0,0.0,0.0,0.0,0.0,Matches,Aston-Villa
23,Lamare Bogarde,nl NED,MF,18-327,0,0,,,,,,,,,,,,,,,,,,,,,,,,Matches,Aston-Villa
24,Tim Iroegbunam,eng ENG,MF,19-151,0,0,,,,,,,,,,,,,,,,,,,,,,,,Matches,Aston-Villa
25,Marvelous Nakamba,zw ZIM,MF,28-313,0,0,,,,,,,,,,,,,,,,,,,,,,,,Matches,Aston-Villa
26,Squad Total,,,27.4,15,165,1350.0,15.0,16.0,9.0,14.0,2.0,2.0,37.0,1.0,1.07,0.6,1.67,0.93,1.53,17.1,15.7,11.7,27.4,1.14,0.78,1.92,1.04,1.83,,Aston-Villa
27,Opponent Total,,,26.8,15,165,1350.0,15.0,19.0,9.0,17.0,2.0,3.0,26.0,1.0,1.27,0.6,1.87,1.13,1.73,19.3,16.9,11.6,28.5,1.29,0.77,2.06,1.13,1.9,,Aston-Villa
0,Danny Ward,wls WAL,GK,29-159,15,15,1350.0,15.0,0.0,0.0,0.0,0.0,0.0,0.0,0.0,0.0,0.0,0.0,0.0,0.0,0.0,0.0,0.0,0.0,0.0,0.0,0.0,0.0,0.0,Matches,Leicester-City
1,James Justin,eng ENG,DF,24-278,14,14,1252.0,13.9,0.0,0.0,0.0,0.0,0.0,0.0,0.0,0.0,0.0,0.0,0.0,0.0,0.3,0.3,0.3,0.6,0.02,0.02,0.05,0.02,0.05,Matches,Leicester-City
2,Youri Tielemans,be BEL,MF,25-205,15,14,1165.0,12.9,3.0,1.0,2.0,1.0,2.0,1.0,0.0,0.23,0.08,0.31,0.15,0.23,2.0,0.4,2.4,2.8,0.15,0.18,0.34,0.03,0.21,Matches,Leicester-City
3,Kiernan Dewsbury-Hall,eng ENG,MF,24-083,15,14,1134.0,12.6,1.0,2.0,1.0,0.0,0.0,1.0,0.0,0.08,0.16,0.24,0.08,0.24,0.7,0.7,2.1,2.8,0.05,0.17,0.22,0.05,0.22,Matches,Leicester-City
4,Timothy Castagne,be BEL,DF,26-358,14,13,1191.0,13.2,1.0,2.0,1.0,0.0,0.0,0.0,0.0,0.08,0.15,0.23,0.08,0.23,1.4,1.4,1.1,2.5,0.1,0.08,0.19,0.1,0.19,Matches,Leicester-City
5,James Maddison,eng ENG,"MF,FW",26-005,13,13,1098.0,12.2,7.0,4.0,7.0,0.0,0.0,5.0,0.0,0.57,0.33,0.9,0.57,0.9,2.6,2.6,2.9,5.4,0.21,0.24,0.45,0.21,0.45,Matches,Leicester-City
6,Harvey Barnes,eng ENG,MF,24-354,13,13,1086.0,12.1,6.0,0.0,6.0,0.0,0.0,0.0,0.0,0.5,0.0,0.5,0.5,0.5,3.5,3.5,0.6,4.1,0.29,0.05,0.34,0.29,0.34,Matches,Leicester-City
7,Daniel Amartey,gh GHA,DF,27-342,12,10,915.0,10.2,0.0,0.0,0.0,0.0,0.0,0.0,0.0,0.0,0.0,0.0,0.0,0.0,0.1,0.1,0.5,0.6,0.01,0.05,0.06,0.01,0.06,Matches,Leicester-City
8,Jonny Evans,nir NIR,DF,34-329,9,9,810.0,9.0,0.0,0.0,0.0,0.0,0.0,0.0,0.0,0.0,0.0,0.0,0.0,0.0,0.2,0.2,0.0,0.2,0.02,0.0,0.02,0.02,0.02,Matches,Leicester-City
9,Wout Faes,be BEL,DF,24-239,9,9,810.0,9.0,0.0,0.0,0.0,0.0,0.0,1.0,0.0,0.0,0.0,0.0,0.0,0.0,0.3,0.3,0.3,0.6,0.04,0.03,0.07,0.04,0.07,Matches,Leicester-City
10,Boubakary Soumaré,fr FRA,MF,23-274,11,9,668.0,7.4,0.0,0.0,0.0,0.0,0.0,3.0,0.0,0.0,0.0,0.0,0.0,0.0,0.0,0.0,0.1,0.1,0.0,0.01,0.02,0.0,0.02,Matches,Leicester-City
11,Jamie Vardy,eng ENG,FW,35-321,15,8,751.0,8.3,1.0,4.0,1.0,0.0,0.0,1.0,0.0,0.12,0.48,0.6,0.12,0.6,2.1,2.1,0.4,2.5,0.25,0.05,0.3,0.25,0.3,Matches,Leicester-City
12,Patson Daka,zm ZAM,FW,24-050,14,7,642.0,7.1,3.0,2.0,3.0,0.0,0.0,2.0,0.0,0.42,0.28,0.7,0.42,0.7,2.3,2.3,1.8,4.2,0.32,0.26,0.58,0.32,0.58,Matches,Leicester-City
13,Wilfred Ndidi,ng NGA,"MF,DF",25-347,10,7,638.0,7.1,0.0,0.0,0.0,0.0,0.0,2.0,0.0,0.0,0.0,0.0,0.0,0.0,0.1,0.1,0.0,0.1,0.01,0.0,0.01,0.01,0.01,Matches,Leicester-City
14,Luke Thomas,eng ENG,DF,21-171,4,3,273.0,3.0,0.0,0.0,0.0,0.0,0.0,1.0,0.0,0.0,0.0,0.0,0.0,0.0,0.0,0.0,0.0,0.0,0.0,0.0,0.0,0.0,0.0,Matches,Leicester-City
15,Dennis Praet,be BEL,MF,28-198,7,2,266.0,3.0,0.0,0.0,0.0,0.0,0.0,1.0,0.0,0.0,0.0,0.0,0.0,0.0,0.2,0.2,0.0,0.2,0.07,0.0,0.07,0.07,0.07,Matches,Leicester-City
16,Wesley Fofana,fr FRA,DF,21-346,2,2,180.0,2.0,0.0,0.0,0.0,0.0,0.0,1.0,0.0,0.0,0.0,0.0,0.0,0.0,0.1,0.1,0.0,0.1,0.06,0.0,0.06,0.06,0.06,Matches,Leicester-City
17,Kelechi Iheanacho,ng NGA,"FW,MF",26-056,10,1,219.0,2.4,1.0,1.0,1.0,0.0,0.0,0.0,0.0,0.41,0.41,0.82,0.41,0.82,1.5,1.5,0.6,2.1,0.61,0.24,0.85,0.61,0.85,Matches,Leicester-City
18,Ayoze Pérez,es ESP,MF,29-122,5,1,148.0,1.6,0.0,1.0,0.0,0.0,0.0,0.0,0.0,0.0,0.61,0.61,0.0,0.61,0.4,0.4,1.2,1.5,0.21,0.7,0.91,0.21,0.91,Matches,Leicester-City
19,Çağlar Söyüncü,tr TUR,DF,26-189,1,1,71.0,0.8,0.0,0.0,0.0,0.0,0.0,0.0,0.0,0.0,0.0,0.0,0.0,0.0,0.0,0.0,0.0,0.0,0.0,0.0,0.0,0.0,0.0,Matches,Leicester-City
20,Nampalys Mendy,sn SEN,MF,30-158,6,0,152.0,1.7,0.0,0.0,0.0,0.0,0.0,0.0,0.0,0.0,0.0,0.0,0.0,0.0,0.1,0.1,0.0,0.1,0.06,0.0,0.06,0.06,0.06,Matches,Leicester-City
21,Marc Albrighton,eng ENG,MF,33-010,3,0,31.0,0.3,0.0,0.0,0.0,0.0,0.0,0.0,0.0,0.0,0.0,0.0,0.0,0.0,0.0,0.0,0.0,0.0,0.13,0.0,0.13,0.13,0.13,Matches,Leicester-City
22,Sammy Braybroke,mx MEX,MF,,0,0,,,,,,,,,,,,,,,,,,,,,,,,Matches,Leicester-City
23,Samuel Braybrooke,eng ENG,MF,18-261,0,0,,,,,,,,,,,,,,,,,,,,,,,,Matches,Leicester-City
24,Lewis Brunt,eng ENG,DF,22-022,0,0,,,,,,,,,,,,,,,,,,,,,,,,Matches,Leicester-City
25,Daniel Iversen,dk DEN,GK,25-132,0,0,,,,,,,,,,,,,,,,,,,,,,,,Matches,Leicester-City
26,Jannik Vestergaard,dk DEN,DF,30-117,0,0,,,,,,,,,,,,,,,,,,,,,,,,Matches,Leicester-City
27,Joe Wormleighton,,MF,,0,0,,,,,,,,,,,,,,,,,,,,,,,,Matches,Leicester-City
28,Squad Total,,,26.9,15,165,1350.0,15.0,23.0,17.0,22.0,1.0,2.0,19.0,0.0,1.53,1.13,2.67,1.47,2.6,17.6,16.0,14.2,30.2,1.17,0.95,2.12,1.07,2.01,,Leicester-City
29,Opponent Total,,,26.8,15,165,1350.0,15.0,24.0,17.0,23.0,1.0,1.0,25.0,1.0,1.6,1.13,2.73,1.53,2.67,22.2,21.5,17.2,38.7,1.48,1.15,2.63,1.44,2.58,,Leicester-City
0,Jefferson Lerma,co COL,"MF,DF",28-034,15,15,1350.0,15.0,2.0,0.0,2.0,0.0,0.0,3.0,0.0,0.13,0.0,0.13,0.13,0.13,1.2,1.2,0.3,1.5,0.08,0.02,0.1,0.08,0.1,Matches,Bournemouth
1,Adam Smith,eng ENG,DF,31-213,15,15,1305.0,14.5,0.0,1.0,0.0,0.0,0.0,4.0,0.0,0.0,0.07,0.07,0.0,0.07,0.4,0.4,0.4,0.8,0.03,0.03,0.06,0.03,0.06,Matches,Bournemouth
2,Marcus Tavernier,eng ENG,"MF,FW",23-251,15,15,1283.0,14.3,2.0,4.0,2.0,0.0,0.0,1.0,0.0,0.14,0.28,0.42,0.14,0.42,1.7,1.7,2.2,3.8,0.12,0.15,0.27,0.12,0.27,Matches,Bournemouth
3,Chris Mepham,wls WAL,DF,25-023,14,14,1251.0,13.9,0.0,0.0,0.0,0.0,0.0,5.0,0.0,0.0,0.0,0.0,0.0,0.0,0.3,0.3,0.1,0.4,0.02,0.01,0.03,0.02,0.03,Matches,Bournemouth
4,Lewis Cook,eng ENG,MF,25-298,15,13,1193.0,13.3,0.0,2.0,0.0,0.0,0.0,2.0,0.0,0.0,0.15,0.15,0.0,0.15,0.1,0.1,2.0,2.1,0.01,0.15,0.16,0.01,0.16,Matches,Bournemouth
5,Philip Billing,dk DEN,"MF,FW",26-170,15,13,1133.0,12.6,4.0,1.0,4.0,0.0,0.0,1.0,0.0,0.32,0.08,0.4,0.32,0.4,1.2,1.2,1.2,2.5,0.1,0.1,0.2,0.1,0.2,Matches,Bournemouth
6,Dominic Solanke,eng ENG,"FW,MF",25-075,13,12,1071.0,11.9,3.0,3.0,3.0,0.0,0.0,0.0,0.0,0.25,0.25,0.5,0.25,0.5,2.4,2.4,1.1,3.5,0.2,0.09,0.29,0.2,0.29,Matches,Bournemouth
7,Marcos Senesi,ar ARG,DF,25-202,12,11,939.0,10.4,0.0,0.0,0.0,0.0,0.0,1.0,0.0,0.0,0.0,0.0,0.0,0.0,0.1,0.1,0.2,0.3,0.01,0.02,0.03,0.01,0.03,Matches,Bournemouth
8,Jordan Zemura,zw ZIM,DF,23-014,11,9,788.0,8.8,0.0,1.0,0.0,0.0,0.0,1.0,0.0,0.0,0.11,0.11,0.0,0.11,0.0,0.0,0.9,0.9,0.0,0.1,0.1,0.0,0.1,Matches,Bournemouth
9,Ryan Christie,sct SCO,"MF,FW",27-279,13,9,718.0,8.0,1.0,0.0,1.0,0.0,0.0,1.0,0.0,0.13,0.0,0.13,0.13,0.13,1.3,1.3,0.3,1.6,0.16,0.04,0.21,0.16,0.21,Matches,Bournemouth
10,Kieffer Moore,wls WAL,FW,30-112,15,8,750.0,8.3,4.0,0.0,4.0,0.0,0.0,0.0,0.0,0.48,0.0,0.48,0.48,0.48,2.0,2.0,0.3,2.3,0.25,0.03,0.28,0.25,0.28,Matches,Bournemouth
11,Neto,br BRA,GK,33-132,8,8,675.0,7.5,0.0,0.0,0.0,0.0,0.0,2.0,0.0,0.0,0.0,0.0,0.0,0.0,0.0,0.0,0.0,0.0,0.0,0.0,0.0,0.0,0.0,Matches,Bournemouth
12,Mark Travers,ie IRL,GK,23-194,8,7,675.0,7.5,0.0,0.0,0.0,0.0,0.0,0.0,0.0,0.0,0.0,0.0,0.0,0.0,0.0,0.0,0.0,0.0,0.0,0.0,0.0,0.0,0.0,Matches,Bournemouth
13,Ryan Fredericks,eng ENG,DF,30-049,8,5,451.0,5.0,0.0,0.0,0.0,0.0,0.0,1.0,0.0,0.0,0.0,0.0,0.0,0.0,0.0,0.0,0.1,0.1,0.0,0.02,0.02,0.0,0.02,Matches,Bournemouth
14,Lloyd Kelly,eng ENG,DF,24-053,5,5,450.0,5.0,0.0,2.0,0.0,0.0,0.0,0.0,0.0,0.0,0.4,0.4,0.0,0.4,0.0,0.0,0.1,0.1,0.0,0.03,0.03,0.0,0.03,Matches,Bournemouth
15,Ben Pearson,eng ENG,MF,27-328,5,3,214.0,2.4,0.0,0.0,0.0,0.0,0.0,1.0,0.0,0.0,0.0,0.0,0.0,0.0,0.0,0.0,0.0,0.0,0.01,0.0,0.01,0.01,0.01,Matches,Bournemouth
16,Jaidon Anthony,eng ENG,"FW,MF",22-362,10,1,272.0,3.0,2.0,0.0,2.0,0.0,0.0,0.0,0.0,0.66,0.0,0.66,0.66,0.66,0.9,0.9,0.1,1.0,0.29,0.02,0.32,0.29,0.32,Matches,Bournemouth
17,Jack Stacey,eng ENG,DF,26-236,6,1,134.0,1.5,0.0,0.0,0.0,0.0,0.0,1.0,0.0,0.0,0.0,0.0,0.0,0.0,0.1,0.1,0.0,0.1,0.06,0.0,0.06,0.06,0.06,Matches,Bournemouth
18,Jack Stephens,eng ENG,DF,28-305,3,1,93.0,1.0,0.0,0.0,0.0,0.0,0.0,0.0,0.0,0.0,0.0,0.0,0.0,0.0,0.0,0.0,0.1,0.1,0.0,0.13,0.13,0.0,0.13,Matches,Bournemouth
19,Junior Stanislas,eng ENG,MF,33-002,4,0,61.0,0.7,0.0,0.0,0.0,0.0,0.0,0.0,0.0,0.0,0.0,0.0,0.0,0.0,0.0,0.0,0.1,0.2,0.05,0.19,0.25,0.05,0.25,Matches,Bournemouth
20,Joe Rothwell,eng ENG,"MF,DF",27-321,2,0,17.0,0.2,0.0,0.0,0.0,0.0,0.0,0.0,0.0,0.0,0.0,0.0,0.0,0.0,0.0,0.0,0.0,0.0,0.0,0.0,0.0,0.0,0.0,Matches,Bournemouth
21,Owen Bevan,wls WAL,DF,19-033,1,0,9.0,0.1,0.0,0.0,0.0,0.0,0.0,0.0,0.0,0.0,0.0,0.0,0.0,0.0,0.0,0.0,0.0,0.0,0.0,0.0,0.0,0.0,0.0,Matches,Bournemouth
22,Emiliano Marcondes,dk DEN,MF,27-264,1,0,9.0,0.1,0.0,0.0,0.0,0.0,0.0,0.0,0.0,0.0,0.0,0.0,0.0,0.0,0.0,0.0,0.0,0.0,0.0,0.0,0.0,0.0,0.0,Matches,Bournemouth
23,Siriki Dembélé,ci CIV,FW,26-082,1,0,8.0,0.1,0.0,0.0,0.0,0.0,0.0,0.0,0.0,0.0,0.0,0.0,0.0,0.0,0.0,0.0,0.0,0.0,0.0,0.0,0.0,0.0,0.0,Matches,Bournemouth
24,Jamal Lowe,jm JAM,FW,28-130,1,0,1.0,0.0,0.0,0.0,0.0,0.0,0.0,0.0,0.0,0.0,0.0,0.0,0.0,0.0,0.0,0.0,0.0,0.0,0.0,0.0,0.0,0.0,0.0,Matches,Bournemouth
25,Will Dennis,eng ENG,GK,22-141,0,0,,,,,,,,,,,,,,,,,,,,,,,,Matches,Bournemouth
26,James Hill,eng ENG,DF,20-322,0,0,,,,,,,,,,,,,,,,,,,,,,,,Matches,Bournemouth
27,Cameron Plain,eng ENG,GK,20-000,0,0,,,,,,,,,,,,,,,,,,,,,,,,Matches,Bournemouth
28,Christian Saydee,lr LBR,MF,20-202,0,0,,,,,,,,,,,,,,,,,,,,,,,,Matches,Bournemouth
29,Squad Total,,,26.8,15,165,1350.0,15.0,18.0,14.0,18.0,0.0,0.0,24.0,0.0,1.2,0.93,2.13,1.2,2.13,11.6,11.6,9.5,21.1,0.77,0.63,1.4,0.77,1.4,,Bournemouth
30,Opponent Total,,,27.0,15,165,1350.0,15.0,30.0,19.0,25.0,5.0,5.0,22.0,0.0,2.0,1.27,3.27,1.67,2.93,24.2,20.3,15.8,36.0,1.61,1.05,2.66,1.35,2.4,,Bournemouth
0,Illan Meslier,fr FRA,GK,22-271,14,14,1260.0,14.0,0.0,0.0,0.0,0.0,0.0,0.0,0.0,0.0,0.0,0.0,0.0,0.0,0.0,0.0,0.0,0.0,0.0,0.0,0.0,0.0,0.0,Matches,Leeds-United
1,Robin Koch,de GER,DF,26-134,14,14,1215.0,13.5,0.0,0.0,0.0,0.0,0.0,3.0,0.0,0.0,0.0,0.0,0.0,0.0,0.2,0.2,0.0,0.2,0.02,0.0,0.02,0.02,0.02,Matches,Leeds-United
2,Brenden Aaronson,us USA,"MF,FW",22-037,14,14,1189.0,13.2,1.0,2.0,1.0,0.0,0.0,2.0,0.0,0.08,0.15,0.23,0.08,0.23,1.9,1.9,2.9,4.8,0.14,0.22,0.36,0.14,0.36,Matches,Leeds-United
3,Marc Roca,es ESP,MF,26-002,14,14,1031.0,11.5,1.0,1.0,1.0,0.0,0.0,3.0,0.0,0.09,0.09,0.17,0.09,0.17,0.9,0.9,0.5,1.3,0.08,0.04,0.12,0.08,0.12,Matches,Leeds-United
4,Tyler Adams,us USA,MF,23-287,13,13,1166.0,13.0,0.0,0.0,0.0,0.0,0.0,4.0,1.0,0.0,0.0,0.0,0.0,0.0,0.0,0.0,0.9,0.9,0.0,0.07,0.07,0.0,0.07,Matches,Leeds-United
5,Pascal Struijk,nl NED,DF,23-109,13,13,1164.0,12.9,1.0,1.0,1.0,0.0,0.0,2.0,0.0,0.08,0.08,0.15,0.08,0.15,0.9,0.9,2.3,3.2,0.07,0.18,0.25,0.07,0.25,Matches,Leeds-United
6,Rasmus Nissen,dk DEN,DF,25-140,12,12,1048.0,11.6,0.0,1.0,0.0,0.0,0.0,4.0,0.0,0.0,0.09,0.09,0.0,0.09,0.4,0.4,0.8,1.1,0.03,0.07,0.1,0.03,0.1,Matches,Leeds-United
7,Jack Harrison,eng ENG,"FW,MF",26-008,13,12,937.0,10.4,1.0,3.0,1.0,0.0,0.0,2.0,0.0,0.1,0.29,0.38,0.1,0.38,1.3,1.3,1.9,3.2,0.13,0.19,0.31,0.13,0.31,Matches,Leeds-United
8,Rodrigo,es ESP,"FW,MF",31-267,13,12,886.0,9.8,9.0,1.0,8.0,1.0,1.0,1.0,0.0,0.91,0.1,1.02,0.81,0.91,5.4,4.7,1.2,5.9,0.55,0.12,0.68,0.47,0.6,Matches,Leeds-United
9,Liam Cooper,sct SCO,DF,31-090,8,7,675.0,7.5,1.0,0.0,1.0,0.0,0.0,1.0,0.0,0.13,0.0,0.13,0.13,0.13,0.4,0.4,0.4,0.8,0.06,0.06,0.11,0.06,0.11,Matches,Leeds-United
10,Diego Llorente,es ESP,DF,29-104,7,7,630.0,7.0,0.0,0.0,0.0,0.0,0.0,1.0,0.0,0.0,0.0,0.0,0.0,0.0,0.7,0.7,0.0,0.7,0.1,0.0,0.1,0.1,0.1,Matches,Leeds-United
11,Luis Sinisterra,co COL,FW,23-164,9,6,453.0,5.0,2.0,0.0,2.0,0.0,0.0,3.0,1.0,0.4,0.0,0.4,0.4,0.4,1.5,1.5,0.2,1.7,0.29,0.04,0.34,0.29,0.34,Matches,Leeds-United
12,Crysencio Summerville,nl NED,"FW,MF",21-029,10,4,473.0,5.3,4.0,0.0,4.0,0.0,0.0,1.0,0.0,0.76,0.0,0.76,0.76,0.76,1.5,1.5,0.3,1.8,0.29,0.05,0.34,0.29,0.34,Matches,Leeds-United
13,Patrick Bamford,eng ENG,FW,29-084,10,4,429.0,4.8,0.0,1.0,0.0,0.0,1.0,0.0,0.0,0.0,0.21,0.21,0.0,0.21,4.1,3.3,0.3,3.6,0.86,0.06,0.93,0.7,0.76,Matches,Leeds-United
14,Daniel James,wls WAL,FW,25-018,4,2,198.0,2.2,0.0,0.0,0.0,0.0,0.0,0.0,0.0,0.0,0.0,0.0,0.0,0.0,0.3,0.3,0.3,0.6,0.12,0.15,0.27,0.12,0.27,Matches,Leeds-United
15,Sam Greenwood,eng ENG,"MF,FW",20-306,6,1,188.0,2.1,1.0,1.0,1.0,0.0,0.0,0.0,0.0,0.48,0.48,0.96,0.48,0.96,0.5,0.5,0.3,0.8,0.24,0.15,0.39,0.24,0.39,Matches,Leeds-United
16,Joe Gelhardt,eng ENG,FW,20-208,11,1,169.0,1.9,0.0,1.0,0.0,0.0,0.0,1.0,0.0,0.0,0.53,0.53,0.0,0.53,0.7,0.7,0.1,0.8,0.35,0.07,0.42,0.35,0.42,Matches,Leeds-United
17,Luke Ayling,eng ENG,DF,31-095,7,1,159.0,1.8,0.0,1.0,0.0,0.0,0.0,0.0,0.0,0.0,0.57,0.57,0.0,0.57,0.2,0.2,0.1,0.3,0.09,0.07,0.16,0.09,0.16,Matches,Leeds-United
18,Junior Firpo,es ESP,DF,26-098,2,1,114.0,1.3,0.0,0.0,0.0,0.0,0.0,0.0,0.0,0.0,0.0,0.0,0.0,0.0,0.0,0.0,0.1,0.1,0.0,0.1,0.1,0.0,0.1,Matches,Leeds-United
19,Degnand Gnonto,it ITA,"FW,MF",19-023,3,1,109.0,1.2,0.0,1.0,0.0,0.0,0.0,0.0,0.0,0.0,0.83,0.83,0.0,0.83,0.0,0.0,0.6,0.6,0.0,0.5,0.5,0.0,0.5,Matches,Leeds-United
20,Cody Drameh,eng ENG,DF,20-355,1,1,69.0,0.8,0.0,0.0,0.0,0.0,0.0,0.0,0.0,0.0,0.0,0.0,0.0,0.0,0.0,0.0,0.0,0.0,0.0,0.0,0.0,0.0,0.0,Matches,Leeds-United
21,Mateusz Klich,pl POL,"MF,FW",32-168,11,0,199.0,2.2,0.0,0.0,0.0,0.0,0.0,1.0,0.0,0.0,0.0,0.0,0.0,0.0,0.1,0.1,0.2,0.3,0.06,0.09,0.15,0.06,0.15,Matches,Leeds-United
22,Adam Forshaw,eng ENG,MF,31-051,3,0,50.0,0.6,0.0,0.0,0.0,0.0,0.0,0.0,0.0,0.0,0.0,0.0,0.0,0.0,0.0,0.0,0.4,0.4,0.0,0.79,0.79,0.0,0.79,Matches,Leeds-United
23,Mateo Fernández,es ESP,MF,19-040,1,0,2.0,0.0,0.0,0.0,0.0,0.0,0.0,0.0,0.0,0.0,0.0,0.0,0.0,0.0,0.0,0.0,0.0,0.0,0.0,0.0,0.0,0.0,0.0,Matches,Leeds-United
24,Leo Fuhr Hjelde,no NOR,DF,19-094,0,0,,,,,,,,,,,,,,,,,,,,,,,,Matches,Leeds-United
25,Archie Gray,eng ENG,MF,16-261,0,0,,,,,,,,,,,,,,,,,,,,,,,,Matches,Leeds-United
26,Darko Gyabi,eng ENG,MF,18-283,0,0,,,,,,,,,,,,,,,,,,,,,,,,Matches,Leeds-United
27,Kristoffer Klaesson,no NOR,GK,22-001,0,0,,,,,,,,,,,,,,,,,,,,,,,,Matches,Leeds-United
28,Sonny Perkins,eng ENG,FW,18-291,0,0,,,,,,,,,,,,,,,,,,,,,,,,Matches,Leeds-United
29,Joel Robles,es ESP,GK,32-164,0,0,,,,,,,,,,,,,,,,,,,,,,,,Matches,Leeds-United
30,Squad Total,,,25.5,14,154,1260.0,14.0,21.0,14.0,20.0,1.0,2.0,29.0,2.0,1.5,1.0,2.5,1.43,2.43,20.3,18.8,13.5,32.2,1.45,0.96,2.42,1.34,2.3,,Leeds-United
31,Opponent Total,,,26.8,14,154,1260.0,14.0,25.0,16.0,24.0,1.0,1.0,24.0,1.0,1.79,1.14,2.93,1.71,2.86,20.2,19.5,15.7,35.2,1.44,1.12,2.56,1.39,2.51,,Leeds-United
0,Declan Rice,eng ENG,MF,23-318,15,15,1350.0,15.0,1.0,1.0,1.0,0.0,1.0,2.0,0.0,0.07,0.07,0.13,0.07,0.13,1.4,0.6,1.8,2.4,0.09,0.12,0.21,0.04,0.16,Matches,West-Ham-United
1,Jarrod Bowen,eng ENG,FW,25-343,15,15,1340.0,14.9,2.0,0.0,1.0,1.0,2.0,0.0,0.0,0.13,0.0,0.13,0.07,0.07,4.3,3.2,1.9,5.1,0.29,0.13,0.41,0.22,0.34,Matches,West-Ham-United
2,Tomáš Souček,cz CZE,MF,27-274,15,15,1307.0,14.5,1.0,1.0,1.0,0.0,0.0,1.0,0.0,0.07,0.07,0.14,0.07,0.14,2.5,2.5,0.6,3.1,0.17,0.04,0.21,0.17,0.21,Matches,West-Ham-United
3,Łukasz Fabiański,pl POL,GK,37-224,15,15,1243.0,13.8,0.0,0.0,0.0,0.0,0.0,0.0,0.0,0.0,0.0,0.0,0.0,0.0,0.0,0.0,0.0,0.0,0.0,0.0,0.0,0.0,0.0,Matches,West-Ham-United
4,Aaron Cresswell,eng ENG,DF,32-348,14,14,1240.0,13.8,0.0,0.0,0.0,0.0,0.0,2.0,0.0,0.0,0.0,0.0,0.0,0.0,0.2,0.2,2.5,2.7,0.02,0.18,0.2,0.02,0.2,Matches,West-Ham-United
5,Kurt Zouma,fr FRA,DF,28-032,14,14,1184.0,13.2,1.0,0.0,1.0,0.0,0.0,0.0,0.0,0.08,0.0,0.08,0.08,0.08,1.1,1.1,0.0,1.1,0.08,0.0,0.08,0.08,0.08,Matches,West-Ham-United
6,Thilo Kehrer,de GER,DF,26-068,13,13,1170.0,13.0,0.0,0.0,0.0,0.0,0.0,4.0,0.0,0.0,0.0,0.0,0.0,0.0,0.3,0.3,0.2,0.6,0.03,0.02,0.04,0.03,0.04,Matches,West-Ham-United
7,Pablo Fornals,es ESP,"FW,MF",26-279,14,9,776.0,8.6,1.0,0.0,1.0,0.0,0.0,0.0,0.0,0.12,0.0,0.12,0.12,0.12,0.6,0.6,1.0,1.6,0.07,0.12,0.18,0.07,0.18,Matches,West-Ham-United
8,Gianluca Scamacca,it ITA,FW,23-331,13,9,755.0,8.4,2.0,0.0,2.0,0.0,0.0,3.0,0.0,0.24,0.0,0.24,0.24,0.24,2.1,2.1,0.6,2.7,0.25,0.08,0.33,0.25,0.33,Matches,West-Ham-United
9,Saïd Benrahma,dz ALG,"FW,MF",27-110,13,7,751.0,8.3,2.0,1.0,1.0,1.0,1.0,0.0,0.0,0.24,0.12,0.36,0.12,0.24,2.4,1.6,1.1,2.7,0.29,0.13,0.41,0.19,0.32,Matches,West-Ham-United
10,Vladimír Coufal,cz CZE,"DF,MF",30-098,9,7,685.0,7.6,0.0,0.0,0.0,0.0,0.0,1.0,0.0,0.0,0.0,0.0,0.0,0.0,0.1,0.1,0.6,0.7,0.01,0.08,0.1,0.01,0.1,Matches,West-Ham-United
11,Lucas Paquetá,br BRA,"MF,FW",25-093,8,7,587.0,6.5,0.0,2.0,0.0,0.0,0.0,2.0,0.0,0.0,0.31,0.31,0.0,0.31,1.3,1.3,0.6,1.9,0.2,0.09,0.3,0.2,0.3,Matches,West-Ham-United
12,Michail Antonio,jm JAM,FW,32-245,14,6,607.0,6.7,2.0,1.0,2.0,0.0,0.0,1.0,0.0,0.3,0.15,0.44,0.3,0.44,2.0,2.0,0.4,2.4,0.3,0.06,0.36,0.3,0.36,Matches,West-Ham-United
13,Ben Johnson,eng ENG,DF,22-308,7,6,488.0,5.4,0.0,0.0,0.0,0.0,0.0,0.0,0.0,0.0,0.0,0.0,0.0,0.0,0.0,0.0,0.2,0.2,0.0,0.03,0.03,0.0,0.03,Matches,West-Ham-United
14,Craig Dawson,eng ENG,DF,32-206,5,5,450.0,5.0,0.0,0.0,0.0,0.0,0.0,2.0,0.0,0.0,0.0,0.0,0.0,0.0,0.1,0.1,0.1,0.2,0.02,0.02,0.04,0.02,0.04,Matches,West-Ham-United
15,Flynn Downes,eng ENG,MF,23-312,6,3,265.0,2.9,0.0,0.0,0.0,0.0,0.0,0.0,0.0,0.0,0.0,0.0,0.0,0.0,0.2,0.2,0.0,0.3,0.08,0.02,0.1,0.08,0.1,Matches,West-Ham-United
16,Emerson Palmieri,it ITA,"DF,MF",28-117,7,3,224.0,2.5,0.0,0.0,0.0,0.0,0.0,1.0,0.0,0.0,0.0,0.0,0.0,0.0,0.1,0.1,0.0,0.1,0.02,0.01,0.03,0.02,0.03,Matches,West-Ham-United
17,Manuel Lanzini,ar ARG,"MF,FW",29-286,5,1,126.0,1.4,0.0,0.0,0.0,0.0,0.0,0.0,0.0,0.0,0.0,0.0,0.0,0.0,0.1,0.1,0.0,0.1,0.04,0.0,0.04,0.04,0.04,Matches,West-Ham-United
18,Maxwel Cornet,ci CIV,FW,26-062,5,1,91.0,1.0,0.0,0.0,0.0,0.0,0.0,0.0,0.0,0.0,0.0,0.0,0.0,0.0,0.5,0.5,0.0,0.5,0.53,0.0,0.53,0.53,0.53,Matches,West-Ham-United
19,Alphonse Areola,fr FRA,GK,29-274,2,0,107.0,1.2,0.0,0.0,0.0,0.0,0.0,0.0,0.0,0.0,0.0,0.0,0.0,0.0,0.0,0.0,0.0,0.0,0.0,0.0,0.0,0.0,0.0,Matches,West-Ham-United
20,Nayef Aguerd,ma MAR,DF,26-243,1,0,76.0,0.8,0.0,0.0,0.0,0.0,0.0,0.0,0.0,0.0,0.0,0.0,0.0,0.0,0.1,0.1,0.0,0.1,0.07,0.06,0.12,0.07,0.12,Matches,West-Ham-United
21,Angelo Ogbonna,it ITA,DF,34-189,2,0,27.0,0.3,0.0,0.0,0.0,0.0,0.0,0.0,0.0,0.0,0.0,0.0,0.0,0.0,0.0,0.0,0.1,0.1,0.0,0.39,0.39,0.0,0.39,Matches,West-Ham-United
22,Conor Coventry,ie IRL,"MF,FW",22-248,1,0,1.0,0.0,0.0,0.0,0.0,0.0,0.0,0.0,0.0,0.0,0.0,0.0,0.0,0.0,0.0,0.0,0.0,0.0,0.0,0.0,0.0,0.0,0.0,Matches,West-Ham-United
23,Harrison Ashby,sct SCO,DF,21-014,0,0,,,,,,,,,,,,,,,,,,,,,,,,Matches,West-Ham-United
24,Armstrong Okoflex,ie IRL,MF,20-271,0,0,,,,,,,,,,,,,,,,,,,,,,,,Matches,West-Ham-United
25,Darren Randolph,ie IRL,GK,35-200,0,0,,,,,,,,,,,,,,,,,,,,,,,,Matches,West-Ham-United
26,Nikola Vlašić,hr CRO,"FW,MF",25-055,0,0,,,,,,,,,,,,,,,,,,,,,,,,Matches,West-Ham-United
27,Squad Total,,,28.3,15,165,1350.0,15.0,12.0,6.0,10.0,2.0,4.0,19.0,0.0,0.8,0.4,1.2,0.67,1.07,18.6,16.2,11.6,27.8,1.24,0.77,2.01,1.08,1.85,,West-Ham-United
28,Opponent Total,,,27.2,15,165,1350.0,15.0,16.0,12.0,14.0,2.0,3.0,30.0,0.0,1.07,0.8,1.87,0.93,1.73,15.5,13.2,10.4,23.5,1.04,0.69,1.73,0.88,1.57,,West-Ham-United
0,James Tarkowski,eng ENG,DF,30-009,15,15,1350.0,15.0,0.0,0.0,0.0,0.0,0.0,2.0,0.0,0.0,0.0,0.0,0.0,0.0,0.8,0.8,0.8,1.6,0.05,0.06,0.11,0.05,0.11,Matches,Everton
1,Alex Iwobi,ng NGA,MF,26-209,15,15,1332.0,14.8,1.0,5.0,1.0,0.0,0.0,1.0,0.0,0.07,0.34,0.41,0.07,0.41,0.7,0.7,2.6,3.3,0.05,0.18,0.22,0.05,0.22,Matches,Everton
2,Demarai Gray,eng ENG,"FW,MF",26-153,15,15,1284.0,14.3,1.0,0.0,1.0,0.0,0.0,1.0,0.0,0.07,0.0,0.07,0.07,0.07,2.4,2.4,2.1,4.4,0.17,0.14,0.31,0.17,0.31,Matches,Everton
3,Vitaliy Mykolenko,ua UKR,"DF,MF",23-183,15,15,1283.0,14.3,0.0,0.0,0.0,0.0,0.0,2.0,0.0,0.0,0.0,0.0,0.0,0.0,0.4,0.4,0.5,0.9,0.02,0.04,0.06,0.02,0.06,Matches,Everton
4,Jordan Pickford,eng ENG,GK,28-266,14,14,1260.0,14.0,0.0,1.0,0.0,0.0,0.0,3.0,0.0,0.0,0.07,0.07,0.0,0.07,0.0,0.0,0.1,0.1,0.0,0.01,0.01,0.0,0.01,Matches,Everton
5,Conor Coady,eng ENG,DF,29-276,14,14,1250.0,13.9,1.0,1.0,1.0,0.0,0.0,1.0,0.0,0.07,0.07,0.14,0.07,0.14,0.6,0.6,0.3,0.9,0.04,0.02,0.07,0.04,0.07,Matches,Everton
6,Amadou Onana,be BEL,MF,21-104,14,12,1035.0,11.5,0.0,1.0,0.0,0.0,0.0,4.0,0.0,0.0,0.09,0.09,0.0,0.09,1.7,1.7,1.0,2.7,0.14,0.09,0.23,0.14,0.23,Matches,Everton
7,Anthony Gordon,eng ENG,FW,21-277,14,11,983.0,10.9,3.0,0.0,3.0,0.0,0.0,6.0,0.0,0.27,0.0,0.27,0.27,0.27,2.7,2.7,0.6,3.3,0.25,0.05,0.3,0.25,0.3,Matches,Everton
8,Idrissa Gana Gueye,sn SEN,MF,33-063,10,9,738.0,8.2,0.0,0.0,0.0,0.0,0.0,3.0,0.0,0.0,0.0,0.0,0.0,0.0,0.0,0.0,0.1,0.1,0.0,0.01,0.01,0.0,0.01,Matches,Everton
9,Nathan Patterson,sct SCO,"DF,MF",21-043,10,8,767.0,8.5,0.0,0.0,0.0,0.0,0.0,1.0,0.0,0.0,0.0,0.0,0.0,0.0,0.5,0.5,0.3,0.8,0.06,0.04,0.1,0.06,0.1,Matches,Everton
10,Dwight McNeil,eng ENG,"FW,DF",23-006,15,8,734.0,8.2,2.0,0.0,2.0,0.0,0.0,2.0,0.0,0.25,0.0,0.25,0.25,0.25,0.6,0.6,1.2,1.8,0.07,0.15,0.22,0.07,0.22,Matches,Everton
11,Séamus Coleman,ie IRL,DF,34-048,8,7,605.0,6.7,0.0,0.0,0.0,0.0,0.0,0.0,0.0,0.0,0.0,0.0,0.0,0.0,0.2,0.2,0.2,0.4,0.03,0.03,0.06,0.03,0.06,Matches,Everton
12,Neal Maupay,fr FRA,FW,26-106,10,6,553.0,6.1,1.0,0.0,1.0,0.0,0.0,1.0,0.0,0.16,0.0,0.16,0.16,0.16,2.0,2.0,0.5,2.4,0.32,0.08,0.39,0.32,0.39,Matches,Everton
13,Dominic Calvert-Lewin,eng ENG,FW,25-257,6,4,339.0,3.8,1.0,0.0,1.0,0.0,0.0,1.0,0.0,0.27,0.0,0.27,0.27,0.27,1.5,1.5,0.2,1.7,0.39,0.05,0.45,0.39,0.45,Matches,Everton
14,Mason Holgate,eng ENG,DF,26-037,4,3,320.0,3.6,0.0,0.0,0.0,0.0,0.0,1.0,0.0,0.0,0.0,0.0,0.0,0.0,0.3,0.3,0.3,0.6,0.08,0.08,0.16,0.08,0.16,Matches,Everton
15,Tom Davies,eng ENG,MF,24-151,7,3,298.0,3.3,0.0,0.0,0.0,0.0,0.0,2.0,0.0,0.0,0.0,0.0,0.0,0.0,0.5,0.5,0.1,0.7,0.16,0.04,0.2,0.16,0.2,Matches,Everton
16,Abdoulaye Doucouré,ml MLI,MF,29-331,7,2,186.0,2.1,0.0,0.0,0.0,0.0,0.0,0.0,0.0,0.0,0.0,0.0,0.0,0.0,0.1,0.1,0.0,0.1,0.06,0.0,0.06,0.06,0.06,Matches,Everton
17,Salomón Rondón,ve VEN,FW,33-073,7,1,109.0,1.2,0.0,0.0,0.0,0.0,0.0,0.0,0.0,0.0,0.0,0.0,0.0,0.0,0.8,0.8,0.2,1.0,0.66,0.13,0.79,0.66,0.79,Matches,Everton
18,Asmir Begović,ba BIH,GK,35-161,1,1,90.0,1.0,0.0,0.0,0.0,0.0,0.0,0.0,0.0,0.0,0.0,0.0,0.0,0.0,0.0,0.0,0.0,0.0,0.0,0.0,0.0,0.0,0.0,Matches,Everton
19,Yerry Mina,co COL,DF,28-066,1,1,69.0,0.8,0.0,0.0,0.0,0.0,0.0,1.0,0.0,0.0,0.0,0.0,0.0,0.0,0.0,0.0,0.0,0.0,0.0,0.0,0.0,0.0,0.0,Matches,Everton
20,Ben Godfrey,eng ENG,DF,24-317,1,1,17.0,0.2,0.0,0.0,0.0,0.0,0.0,0.0,0.0,0.0,0.0,0.0,0.0,0.0,0.0,0.0,0.0,0.0,0.0,0.0,0.0,0.0,0.0,Matches,Everton
21,James Garner,eng ENG,MF,21-260,6,0,142.0,1.6,0.0,0.0,0.0,0.0,0.0,1.0,0.0,0.0,0.0,0.0,0.0,0.0,0.1,0.1,0.0,0.1,0.03,0.0,0.03,0.03,0.03,Matches,Everton
22,Dele Alli,eng ENG,MF,26-231,2,0,40.0,0.4,0.0,0.0,0.0,0.0,0.0,0.0,0.0,0.0,0.0,0.0,0.0,0.0,0.0,0.0,0.0,0.0,0.0,0.0,0.0,0.0,0.0,Matches,Everton
23,Rúben Vinagre,pt POR,"DF,MF",23-233,2,0,26.0,0.3,0.0,0.0,0.0,0.0,0.0,0.0,0.0,0.0,0.0,0.0,0.0,0.0,0.0,0.0,0.0,0.0,0.0,0.0,0.0,0.0,0.0,Matches,Everton
24,Michael Keane,eng ENG,DF,29-321,1,0,23.0,0.3,0.0,0.0,0.0,0.0,0.0,0.0,0.0,0.0,0.0,0.0,0.0,0.0,0.0,0.0,0.0,0.0,0.0,0.0,0.0,0.0,0.0,Matches,Everton
25,Thomas Cannon,ie IRL,FW,19-335,1,0,17.0,0.2,0.0,0.0,0.0,0.0,0.0,0.0,0.0,0.0,0.0,0.0,0.0,0.0,0.1,0.1,0.0,0.1,0.47,0.0,0.47,0.47,0.47,Matches,Everton
26,Kyle Alex John,eng ENG,DF,21-288,0,0,,,,,,,,,,,,,,,,,,,,,,,,Matches,Everton
27,Allan,br BRA,"DF,MF",31-324,0,0,,,,,,,,,,,,,,,,,,,,,,,,Matches,Everton
28,Jean-Philippe Gbamin,ci CIV,"DF,MF",27-064,0,0,,,,,,,,,,,,,,,,,,,,,,,,Matches,Everton
29,André Gomes,pt POR,MF,29-121,0,0,,,,,,,,,,,,,,,,,,,,,,,,Matches,Everton
30,Eldin Jakupović,ch SUI,GK,38-057,0,0,,,,,,,,,,,,,,,,,,,,,,,,Matches,Everton
31,Stanley Mills,eng ENG,MF,19-034,0,0,,,,,,,,,,,,,,,,,,,,,,,,Matches,Everton
32,Lewis Warrington,eng ENG,MF,20-049,0,0,,,,,,,,,,,,,,,,,,,,,,,,Matches,Everton
33,Reece Welch,eng ENG,DF,19-070,0,0,,,,,,,,,,,,,,,,,,,,,,,,Matches,Everton
34,Squad Total,,,26.6,15,165,1350.0,15.0,10.0,8.0,10.0,0.0,0.0,33.0,0.0,0.67,0.53,1.2,0.67,1.2,15.4,15.4,11.1,26.5,1.03,0.74,1.77,1.03,1.77,,Everton
35,Opponent Total,,,27.3,15,165,1350.0,15.0,17.0,13.0,15.0,2.0,2.0,30.0,0.0,1.13,0.87,2.0,1.0,1.87,25.4,23.9,18.9,42.8,1.69,1.26,2.95,1.6,2.85,,Everton
0,Dean Henderson,eng ENG,GK,25-261,15,15,1350.0,15.0,0.0,0.0,0.0,0.0,0.0,2.0,0.0,0.0,0.0,0.0,0.0,0.0,0.0,0.0,0.0,0.0,0.0,0.0,0.0,0.0,0.0,Matches,Nottingham-Forest
1,Scott McKenna,sct SCO,DF,26-016,14,14,1260.0,14.0,0.0,0.0,0.0,0.0,0.0,4.0,0.0,0.0,0.0,0.0,0.0,0.0,0.1,0.1,0.8,0.9,0.01,0.06,0.06,0.01,0.06,Matches,Nottingham-Forest
2,Brennan Johnson,wls WAL,"FW,MF",21-189,15,13,1187.0,13.2,2.0,0.0,1.0,1.0,2.0,2.0,0.0,0.15,0.0,0.15,0.08,0.08,3.2,1.6,0.7,2.3,0.24,0.06,0.29,0.12,0.18,Matches,Nottingham-Forest
3,Neco Williams,wls WAL,DF,21-229,15,12,1078.0,12.0,0.0,0.0,0.0,0.0,0.0,3.0,0.0,0.0,0.0,0.0,0.0,0.0,0.9,0.9,1.2,2.2,0.08,0.1,0.18,0.08,0.18,Matches,Nottingham-Forest
4,Morgan Gibbs-White,eng ENG,"FW,MF",22-305,13,12,1036.0,11.5,2.0,2.0,2.0,0.0,0.0,1.0,0.0,0.17,0.17,0.35,0.17,0.35,2.2,2.2,2.1,4.3,0.19,0.18,0.38,0.19,0.38,Matches,Nottingham-Forest
5,Ryan Yates,eng ENG,MF,25-007,13,11,1033.0,11.5,0.0,1.0,0.0,0.0,0.0,3.0,0.0,0.0,0.09,0.09,0.0,0.09,1.5,1.5,0.6,2.0,0.13,0.05,0.18,0.13,0.18,Matches,Nottingham-Forest
6,Steve Cook,eng ENG,DF,31-223,12,11,957.0,10.6,0.0,0.0,0.0,0.0,0.0,4.0,0.0,0.0,0.0,0.0,0.0,0.0,0.1,0.1,0.6,0.7,0.01,0.05,0.07,0.01,0.07,Matches,Nottingham-Forest
7,Jesse Lingard,eng ENG,"FW,MF",29-348,13,10,809.0,9.0,0.0,0.0,0.0,0.0,0.0,1.0,0.0,0.0,0.0,0.0,0.0,0.0,1.0,1.0,0.7,1.7,0.12,0.07,0.19,0.12,0.19,Matches,Nottingham-Forest
8,Remo Freuler,ch SUI,MF,30-227,11,9,831.0,9.2,0.0,0.0,0.0,0.0,0.0,2.0,0.0,0.0,0.0,0.0,0.0,0.0,0.1,0.1,0.2,0.4,0.02,0.03,0.04,0.02,0.04,Matches,Nottingham-Forest
9,Cheikhou Kouyaté,sn SEN,"MF,DF",32-342,12,9,704.0,7.8,1.0,0.0,1.0,0.0,0.0,2.0,0.0,0.13,0.0,0.13,0.13,0.13,0.3,0.3,0.6,1.0,0.04,0.08,0.12,0.04,0.12,Matches,Nottingham-Forest
10,Joe Worrall,eng ENG,DF,25-322,11,7,717.0,8.0,0.0,0.0,0.0,0.0,0.0,4.0,0.0,0.0,0.0,0.0,0.0,0.0,0.2,0.2,0.5,0.6,0.02,0.06,0.08,0.02,0.08,Matches,Nottingham-Forest
11,Harry Toffolo,eng ENG,DF,27-101,8,6,577.0,6.4,0.0,0.0,0.0,0.0,0.0,0.0,0.0,0.0,0.0,0.0,0.0,0.0,0.2,0.2,0.4,0.6,0.02,0.07,0.09,0.02,0.09,Matches,Nottingham-Forest
12,Serge Aurier,ci CIV,DF,29-339,7,6,530.0,5.9,0.0,0.0,0.0,0.0,0.0,1.0,0.0,0.0,0.0,0.0,0.0,0.0,0.0,0.0,0.2,0.2,0.0,0.04,0.04,0.0,0.04,Matches,Nottingham-Forest
13,Lewis O'Brien,eng ENG,MF,24-045,11,6,525.0,5.8,1.0,0.0,1.0,0.0,0.0,2.0,0.0,0.17,0.0,0.17,0.17,0.17,0.3,0.3,0.2,0.5,0.06,0.03,0.09,0.06,0.09,Matches,Nottingham-Forest
14,Taiwo Awoniyi,ng NGA,FW,25-108,13,6,512.0,5.7,3.0,0.0,3.0,0.0,0.0,0.0,0.0,0.53,0.0,0.53,0.53,0.53,3.6,3.6,0.7,4.3,0.63,0.12,0.75,0.63,0.75,Matches,Nottingham-Forest
15,Renan Lodi,br BRA,DF,24-234,7,6,505.0,5.6,0.0,0.0,0.0,0.0,0.0,1.0,0.0,0.0,0.0,0.0,0.0,0.0,0.4,0.4,0.1,0.5,0.08,0.02,0.1,0.08,0.1,Matches,Nottingham-Forest
16,Emmanuel Dennis,ng NGA,FW,25-013,9,3,345.0,3.8,1.0,1.0,1.0,0.0,0.0,2.0,0.0,0.26,0.26,0.52,0.26,0.52,0.6,0.6,0.3,1.0,0.16,0.09,0.25,0.16,0.25,Matches,Nottingham-Forest
17,Orel Mangala,be BEL,MF,24-255,7,3,267.0,3.0,0.0,0.0,0.0,0.0,0.0,0.0,0.0,0.0,0.0,0.0,0.0,0.0,0.2,0.2,0.0,0.2,0.06,0.02,0.08,0.06,0.08,Matches,Nottingham-Forest
18,Moussa Niakhate,fr FRA,DF,26-265,2,2,160.0,1.8,0.0,0.0,0.0,0.0,0.0,0.0,0.0,0.0,0.0,0.0,0.0,0.0,0.3,0.3,0.0,0.3,0.15,0.0,0.15,0.15,0.15,Matches,Nottingham-Forest
19,Willy Boly,ci CIV,DF,31-298,2,2,152.0,1.7,0.0,0.0,0.0,0.0,0.0,1.0,0.0,0.0,0.0,0.0,0.0,0.0,0.0,0.0,0.0,0.0,0.01,0.0,0.01,0.01,0.01,Matches,Nottingham-Forest
20,Jack Colback,eng ENG,MF,33-035,4,1,147.0,1.6,0.0,0.0,0.0,0.0,0.0,0.0,0.0,0.0,0.0,0.0,0.0,0.0,0.0,0.0,0.2,0.2,0.0,0.09,0.09,0.0,0.09,Matches,Nottingham-Forest
21,Sam Surridge,eng ENG,FW,24-123,8,1,136.0,1.5,0.0,0.0,0.0,0.0,0.0,1.0,0.0,0.0,0.0,0.0,0.0,0.0,0.2,0.2,0.1,0.3,0.16,0.04,0.2,0.16,0.2,Matches,Nottingham-Forest
22,Giulian Biancone,fr FRA,DF,22-242,2,0,17.0,0.2,0.0,0.0,0.0,0.0,0.0,0.0,0.0,0.0,0.0,0.0,0.0,0.0,0.0,0.0,0.0,0.0,0.0,0.0,0.0,0.0,0.0,Matches,Nottingham-Forest
23,Alexander Mighten,eng ENG,FW,20-231,1,0,8.0,0.1,0.0,0.0,0.0,0.0,0.0,0.0,0.0,0.0,0.0,0.0,0.0,0.0,0.0,0.0,0.0,0.0,0.0,0.0,0.0,0.0,0.0,Matches,Nottingham-Forest
24,Cafú,pt POR,MF,29-275,1,0,7.0,0.1,0.0,0.0,0.0,0.0,0.0,0.0,0.0,0.0,0.0,0.0,0.0,0.0,0.0,0.0,0.0,0.0,0.0,0.0,0.0,0.0,0.0,Matches,Nottingham-Forest
25,Loïc Bade,fr FRA,DF,22-231,0,0,,,,,,,,,,,,,,,,,,,,,,,,Matches,Nottingham-Forest
26,Oliver Hammond,wls WAL,MF,20-015,0,0,,,,,,,,,,,,,,,,,,,,,,,,Matches,Nottingham-Forest
27,Wayne Hennessey,wls WAL,GK,35-308,0,0,,,,,,,,,,,,,,,,,,,,,,,,Matches,Nottingham-Forest
28,Loïc Mbe Soh,fr FRA,DF,21-168,0,0,,,,,,,,,,,,,,,,,,,,,,,,Matches,Nottingham-Forest
29,Dale Taylor,nir NIR,FW,18-351,0,0,,,,,,,,,,,,,,,,,,,,,,,,Matches,Nottingham-Forest
30,Lyle Taylor,ms MSR,FW,32-244,0,0,,,,,,,,,,,,,,,,,,,,,,,,Matches,Nottingham-Forest
31,Squad Total,,,26.3,15,165,1350.0,15.0,10.0,4.0,9.0,1.0,2.0,36.0,0.0,0.67,0.27,0.93,0.6,0.87,15.3,13.8,10.1,23.9,1.02,0.67,1.69,0.92,1.59,,Nottingham-Forest
32,Opponent Total,,,27.4,15,165,1350.0,15.0,30.0,20.0,28.0,2.0,5.0,27.0,0.0,2.0,1.33,3.33,1.87,3.2,24.1,20.4,16.2,36.7,1.61,1.08,2.69,1.36,2.44,,Nottingham-Forest
0,Gavin Bazunu,ie IRL,GK,20-281,15,15,1350.0,15.0,0.0,0.0,0.0,0.0,0.0,0.0,0.0,0.0,0.0,0.0,0.0,0.0,0.0,0.0,0.1,0.1,0.0,0.0,0.0,0.0,0.0,Matches,Southampton
1,James Ward-Prowse,eng ENG,MF,28-027,15,15,1350.0,15.0,1.0,2.0,1.0,0.0,0.0,2.0,0.0,0.07,0.13,0.2,0.07,0.2,0.7,0.7,2.7,3.4,0.05,0.18,0.23,0.05,0.23,Matches,Southampton
2,Mohammed Salisu,gh GHA,DF,23-225,14,14,1260.0,14.0,0.0,1.0,0.0,0.0,0.0,4.0,0.0,0.0,0.07,0.07,0.0,0.07,0.7,0.7,0.5,1.2,0.05,0.03,0.08,0.05,0.08,Matches,Southampton
3,Che Adams,sct SCO,FW,26-138,14,12,1066.0,11.8,4.0,1.0,4.0,0.0,0.0,0.0,0.0,0.34,0.08,0.42,0.34,0.42,3.9,3.9,1.7,5.6,0.33,0.14,0.47,0.33,0.47,Matches,Southampton
4,Mohamed Elyounoussi,no NOR,"MF,FW",28-116,14,12,985.0,10.9,0.0,1.0,0.0,0.0,0.0,2.0,0.0,0.0,0.09,0.09,0.0,0.09,2.0,2.0,1.3,3.3,0.18,0.12,0.3,0.18,0.3,Matches,Southampton
5,Kyle Walker-Peters,eng ENG,DF,25-229,11,11,952.0,10.6,1.0,0.0,1.0,0.0,0.0,2.0,0.0,0.09,0.0,0.09,0.09,0.09,0.7,0.7,0.7,1.4,0.07,0.07,0.13,0.07,0.13,Matches,Southampton
6,Armel Bella Kotchap,de GER,DF,20-352,11,11,903.0,10.0,0.0,1.0,0.0,0.0,0.0,1.0,0.0,0.0,0.1,0.1,0.0,0.1,0.7,0.7,0.1,0.8,0.07,0.01,0.08,0.07,0.08,Matches,Southampton
7,Adam Armstrong,eng ENG,FW,25-291,14,11,869.0,9.7,1.0,1.0,1.0,0.0,0.0,0.0,0.0,0.1,0.1,0.21,0.1,0.21,1.1,1.1,0.7,1.8,0.11,0.07,0.18,0.11,0.18,Matches,Southampton
8,Joe Aribo,ng NGA,"MF,FW",26-130,15,10,944.0,10.5,2.0,0.0,2.0,0.0,0.0,1.0,0.0,0.19,0.0,0.19,0.19,0.19,1.4,1.4,0.8,2.2,0.14,0.07,0.21,0.14,0.21,Matches,Southampton
9,Romain Perraud,fr FRA,DF,25-067,13,10,851.0,9.5,2.0,2.0,2.0,0.0,0.0,1.0,0.0,0.21,0.21,0.42,0.21,0.42,0.9,0.9,1.5,2.4,0.1,0.15,0.25,0.1,0.25,Matches,Southampton
10,Stuart Armstrong,sct SCO,"MF,FW",30-243,14,7,690.0,7.7,1.0,0.0,1.0,0.0,0.0,2.0,0.0,0.13,0.0,0.13,0.13,0.13,1.0,1.0,1.5,2.6,0.14,0.2,0.34,0.14,0.34,Matches,Southampton
11,Roméo Lavia,be BEL,MF,18-326,7,6,557.0,6.2,1.0,0.0,1.0,0.0,0.0,2.0,0.0,0.16,0.0,0.16,0.16,0.16,0.2,0.2,0.2,0.4,0.03,0.03,0.06,0.03,0.06,Matches,Southampton
12,Ibrahima Diallo,fr FRA,MF,23-265,9,6,450.0,5.0,0.0,0.0,0.0,0.0,0.0,1.0,0.0,0.0,0.0,0.0,0.0,0.0,0.1,0.1,0.0,0.1,0.02,0.01,0.03,0.02,0.03,Matches,Southampton
13,Moussa Djenepo,ml MLI,"DF,FW",24-166,10,5,526.0,5.8,0.0,1.0,0.0,0.0,0.0,0.0,0.0,0.0,0.17,0.17,0.0,0.17,0.1,0.1,0.2,0.3,0.02,0.03,0.05,0.02,0.05,Matches,Southampton
14,Duje Ćaleta-Car,hr CRO,DF,26-072,7,5,486.0,5.4,0.0,0.0,0.0,0.0,0.0,1.0,0.0,0.0,0.0,0.0,0.0,0.0,0.2,0.2,0.0,0.2,0.04,0.01,0.05,0.04,0.05,Matches,Southampton
15,Ainsley Maitland-Niles,eng ENG,"MF,DF",25-091,7,4,412.0,4.6,0.0,0.0,0.0,0.0,0.0,2.0,0.0,0.0,0.0,0.0,0.0,0.0,0.0,0.0,0.2,0.2,0.0,0.05,0.05,0.0,0.05,Matches,Southampton
16,Lyanco,br BRA,DF,25-300,7,2,236.0,2.6,0.0,0.0,0.0,0.0,0.0,2.0,0.0,0.0,0.0,0.0,0.0,0.0,0.1,0.1,0.0,0.1,0.03,0.0,0.03,0.03,0.03,Matches,Southampton
17,Sekou Mara,fr FRA,"FW,MF",20-121,9,2,214.0,2.4,0.0,1.0,0.0,0.0,0.0,0.0,0.0,0.0,0.42,0.42,0.0,0.42,0.7,0.7,0.5,1.2,0.29,0.21,0.5,0.29,0.5,Matches,Southampton
18,Jan Bednarek,pl POL,DF,26-230,2,2,159.0,1.8,0.0,0.0,0.0,0.0,0.0,0.0,0.0,0.0,0.0,0.0,0.0,0.0,0.1,0.1,0.1,0.1,0.03,0.04,0.07,0.03,0.07,Matches,Southampton
19,Juan Larios,es ESP,DF,18-320,5,2,152.0,1.7,0.0,0.0,0.0,0.0,0.0,0.0,0.0,0.0,0.0,0.0,0.0,0.0,0.0,0.0,0.0,0.0,0.0,0.0,0.0,0.0,0.0,Matches,Southampton
20,Theo Walcott,eng ENG,"FW,MF",33-257,3,1,113.0,1.3,0.0,0.0,0.0,0.0,0.0,1.0,0.0,0.0,0.0,0.0,0.0,0.0,0.0,0.0,0.0,0.0,0.0,0.0,0.0,0.0,0.0,Matches,Southampton
21,Oriol Romeu,es ESP,MF,31-065,1,1,74.0,0.8,0.0,0.0,0.0,0.0,0.0,0.0,0.0,0.0,0.0,0.0,0.0,0.0,0.0,0.0,0.0,0.0,0.0,0.0,0.0,0.0,0.0,Matches,Southampton
22,Yan Valery,tn TUN,DF,23-279,1,1,45.0,0.5,0.0,0.0,0.0,0.0,0.0,0.0,0.0,0.0,0.0,0.0,0.0,0.0,0.0,0.0,0.0,0.0,0.0,0.0,0.0,0.0,0.0,Matches,Southampton
23,Samuel Edozie,eng ENG,"MF,FW",19-304,8,0,159.0,1.8,0.0,0.0,0.0,0.0,0.0,0.0,0.0,0.0,0.0,0.0,0.0,0.0,0.3,0.3,0.1,0.4,0.15,0.06,0.21,0.15,0.21,Matches,Southampton
24,Jack Stephens,eng ENG,DF,28-305,2,0,46.0,0.5,0.0,0.0,0.0,0.0,0.0,0.0,0.0,0.0,0.0,0.0,0.0,0.0,0.0,0.0,0.0,0.0,0.0,0.0,0.0,0.0,0.0,Matches,Southampton
25,Nathan Redmond,eng ENG,DF,28-267,1,0,1.0,0.0,0.0,0.0,0.0,0.0,0.0,0.0,0.0,0.0,0.0,0.0,0.0,0.0,0.0,0.0,0.0,0.0,0.0,0.0,0.0,0.0,0.0,Matches,Southampton
26,Ryan Finnigan,eng ENG,MF,19-066,0,0,,,,,,,,,,,,,,,,,,,,,,,,Matches,Southampton
27,Alex McCarthy,eng ENG,GK,32-360,0,0,,,,,,,,,,,,,,,,,,,,,,,,Matches,Southampton
28,Lewis Payne,eng ENG,DF,18-182,0,0,,,,,,,,,,,,,,,,,,,,,,,,Matches,Southampton
29,Squad Total,,,25.0,15,165,1350.0,15.0,13.0,11.0,13.0,0.0,0.0,24.0,0.0,0.87,0.73,1.6,0.87,1.6,14.7,14.7,12.6,27.3,0.98,0.84,1.82,0.98,1.82,,Southampton
30,Opponent Total,,,27.3,15,165,1350.0,15.0,26.0,22.0,26.0,0.0,0.0,27.0,0.0,1.73,1.47,3.2,1.73,3.2,19.2,19.2,15.8,35.1,1.28,1.06,2.34,1.28,2.34,,Southampton
0,Max Kilman,eng ENG,DF,25-189,15,15,1350.0,15.0,0.0,0.0,0.0,0.0,0.0,0.0,0.0,0.0,0.0,0.0,0.0,0.0,0.6,0.6,0.0,0.6,0.04,0.0,0.04,0.04,0.04,Matches,Wolverhampton-Wanderers
1,José Sá,pt POR,GK,29-315,15,15,1350.0,15.0,0.0,0.0,0.0,0.0,0.0,0.0,0.0,0.0,0.0,0.0,0.0,0.0,0.0,0.0,0.0,0.0,0.0,0.0,0.0,0.0,0.0,Matches,Wolverhampton-Wanderers
2,Rúben Neves,pt POR,"MF,DF",25-260,14,14,1260.0,14.0,4.0,0.0,2.0,2.0,2.0,6.0,0.0,0.29,0.0,0.29,0.14,0.14,2.3,0.7,0.4,1.2,0.17,0.03,0.2,0.05,0.08,Matches,Wolverhampton-Wanderers
3,Nathan Collins,ie IRL,DF,21-212,12,12,1022.0,11.4,0.0,0.0,0.0,0.0,0.0,2.0,1.0,0.0,0.0,0.0,0.0,0.0,0.0,0.0,0.1,0.1,0.0,0.01,0.01,0.0,0.01,Matches,Wolverhampton-Wanderers
4,Daniel Podence,pt POR,"FW,MF",27-038,15,12,1020.0,11.3,2.0,0.0,2.0,0.0,0.0,3.0,0.0,0.18,0.0,0.18,0.18,0.18,2.1,2.1,1.6,3.7,0.19,0.14,0.33,0.19,0.33,Matches,Wolverhampton-Wanderers
5,João Moutinho,pt POR,MF,36-081,13,11,997.0,11.1,0.0,0.0,0.0,0.0,0.0,2.0,0.0,0.0,0.0,0.0,0.0,0.0,0.8,0.8,1.5,2.3,0.07,0.13,0.2,0.07,0.2,Matches,Wolverhampton-Wanderers
6,Jonny Castro,es ESP,DF,28-270,12,11,979.0,10.9,0.0,0.0,0.0,0.0,0.0,3.0,0.0,0.0,0.0,0.0,0.0,0.0,0.3,0.3,0.3,0.6,0.02,0.03,0.05,0.02,0.05,Matches,Wolverhampton-Wanderers
7,Matheus Nunes,pt POR,MF,24-093,12,11,857.0,9.5,0.0,1.0,0.0,0.0,0.0,1.0,0.0,0.0,0.11,0.11,0.0,0.11,1.1,1.1,1.2,2.4,0.12,0.13,0.25,0.12,0.25,Matches,Wolverhampton-Wanderers
8,Gonçalo Guedes,pt POR,"FW,MF",25-364,12,8,689.0,7.7,1.0,1.0,1.0,0.0,0.0,1.0,0.0,0.13,0.13,0.26,0.13,0.26,1.2,1.2,0.5,1.7,0.16,0.06,0.22,0.16,0.22,Matches,Wolverhampton-Wanderers
9,Nélson Semedo,pt POR,DF,29-012,13,8,675.0,7.5,0.0,1.0,0.0,0.0,0.0,3.0,1.0,0.0,0.13,0.13,0.0,0.13,0.0,0.0,0.2,0.3,0.01,0.03,0.04,0.01,0.04,Matches,Wolverhampton-Wanderers
10,Pedro Neto,pt POR,"FW,MF",22-264,8,8,599.0,6.7,0.0,0.0,0.0,0.0,0.0,1.0,0.0,0.0,0.0,0.0,0.0,0.0,0.7,0.7,1.2,1.9,0.1,0.18,0.28,0.1,0.28,Matches,Wolverhampton-Wanderers
11,Rayan Aït Nouri,fr FRA,DF,21-175,10,7,666.0,7.4,0.0,0.0,0.0,0.0,0.0,1.0,0.0,0.0,0.0,0.0,0.0,0.0,0.4,0.4,0.8,1.2,0.05,0.11,0.17,0.05,0.17,Matches,Wolverhampton-Wanderers
12,Adama Traoré,es ESP,"FW,MF",26-307,12,6,622.0,6.9,1.0,0.0,1.0,0.0,0.0,0.0,0.0,0.14,0.0,0.14,0.14,0.14,0.6,0.6,1.0,1.6,0.09,0.15,0.24,0.09,0.24,Matches,Wolverhampton-Wanderers
13,Hugo Bueno,es ESP,DF,20-071,6,5,451.0,5.0,0.0,1.0,0.0,0.0,0.0,1.0,0.0,0.0,0.2,0.2,0.0,0.2,0.1,0.1,0.4,0.5,0.03,0.08,0.1,0.03,0.1,Matches,Wolverhampton-Wanderers
14,Diego Costa,es ESP,FW,34-052,6,5,412.0,4.6,0.0,0.0,0.0,0.0,0.0,0.0,1.0,0.0,0.0,0.0,0.0,0.0,1.7,1.7,0.2,1.8,0.37,0.04,0.4,0.37,0.4,Matches,Wolverhampton-Wanderers
15,Boubacar Traoré,ml MLI,MF,21-100,8,4,384.0,4.3,0.0,1.0,0.0,0.0,0.0,2.0,0.0,0.0,0.23,0.23,0.0,0.23,0.1,0.1,0.2,0.2,0.02,0.04,0.06,0.02,0.06,Matches,Wolverhampton-Wanderers
16,Hwang Hee-chan,kr KOR,FW,26-306,11,3,325.0,3.6,0.0,1.0,0.0,0.0,0.0,0.0,0.0,0.0,0.28,0.28,0.0,0.28,0.4,0.4,0.7,1.1,0.12,0.19,0.31,0.12,0.31,Matches,Wolverhampton-Wanderers
17,Toti Gomes,pt POR,DF,23-316,3,3,259.0,2.9,0.0,0.0,0.0,0.0,0.0,1.0,0.0,0.0,0.0,0.0,0.0,0.0,0.0,0.0,0.1,0.1,0.0,0.02,0.02,0.0,0.02,Matches,Wolverhampton-Wanderers
18,Leander Dendoncker,be BEL,MF,27-227,4,2,214.0,2.4,0.0,0.0,0.0,0.0,0.0,0.0,0.0,0.0,0.0,0.0,0.0,0.0,0.7,0.7,0.0,0.7,0.27,0.02,0.29,0.27,0.29,Matches,Wolverhampton-Wanderers
19,Raúl Jiménez,mx MEX,FW,31-207,3,2,212.0,2.4,0.0,0.0,0.0,0.0,0.0,0.0,0.0,0.0,0.0,0.0,0.0,0.0,0.8,0.8,0.4,1.2,0.33,0.19,0.51,0.33,0.51,Matches,Wolverhampton-Wanderers
20,Morgan Gibbs-White,eng ENG,"FW,MF",22-305,2,2,180.0,2.0,0.0,0.0,0.0,0.0,0.0,1.0,0.0,0.0,0.0,0.0,0.0,0.0,0.7,0.7,0.1,0.8,0.36,0.04,0.4,0.36,0.4,Matches,Wolverhampton-Wanderers
21,Sasa Kalajdzic,at AUT,FW,25-144,1,1,45.0,0.5,0.0,0.0,0.0,0.0,0.0,0.0,0.0,0.0,0.0,0.0,0.0,0.0,0.3,0.3,0.0,0.3,0.53,0.0,0.53,0.53,0.53,Matches,Wolverhampton-Wanderers
22,Joseph Hodge,ie IRL,MF,20-075,3,0,79.0,0.9,0.0,0.0,0.0,0.0,0.0,1.0,0.0,0.0,0.0,0.0,0.0,0.0,0.1,0.1,0.0,0.1,0.13,0.0,0.13,0.13,0.13,Matches,Wolverhampton-Wanderers
23,Chem Campbell,wls WAL,"FW,MF",19-333,5,0,74.0,0.8,0.0,0.0,0.0,0.0,0.0,0.0,0.0,0.0,0.0,0.0,0.0,0.0,0.1,0.1,0.0,0.1,0.12,0.0,0.12,0.12,0.12,Matches,Wolverhampton-Wanderers
24,Dexter Lembikisa,jm JAM,DF,19-024,1,0,23.0,0.3,0.0,0.0,0.0,0.0,0.0,0.0,0.0,0.0,0.0,0.0,0.0,0.0,0.0,0.0,0.0,0.0,0.0,0.0,0.0,0.0,0.0,Matches,Wolverhampton-Wanderers
25,Connor Ronan,ie IRL,MF,24-267,1,0,1.0,0.0,0.0,0.0,0.0,0.0,0.0,0.0,0.0,0.0,0.0,0.0,0.0,0.0,0.0,0.0,0.0,0.0,0.0,0.0,0.0,0.0,0.0,Matches,Wolverhampton-Wanderers
26,Willy Boly,ci CIV,DF,31-298,0,0,,,,,,,,,,,,,,,,,,,,,,,,Matches,Wolverhampton-Wanderers
27,Conor Coady,eng ENG,"DF,MF",29-276,0,0,,,,,,,,,,,,,,,,,,,,,,,,Matches,Wolverhampton-Wanderers
28,Luke Cundle,eng ENG,MF,20-216,0,0,,,,,,,,,,,,,,,,,,,,,,,,Matches,Wolverhampton-Wanderers
29,Nathan Fraser,ie IRL,FW,17-279,0,0,,,,,,,,,,,,,,,,,,,,,,,,Matches,Wolverhampton-Wanderers
30,Harvey Griffiths,eng ENG,MF,19-067,0,0,,,,,,,,,,,,,,,,,,,,,,,,Matches,Wolverhampton-Wanderers
31,Yerson Mosquera,co COL,DF,21-210,0,0,,,,,,,,,,,,,,,,,,,,,,,,Matches,Wolverhampton-Wanderers
32,Matija Šarkić,me MNE,GK,25-128,0,0,,,,,,,,,,,,,,,,,,,,,,,,Matches,Wolverhampton-Wanderers
33,Squad Total,,,26.6,15,165,1350.0,15.0,8.0,6.0,6.0,2.0,2.0,29.0,3.0,0.53,0.4,0.93,0.4,0.8,14.9,13.3,10.9,24.2,0.99,0.73,1.72,0.89,1.62,,Wolverhampton-Wanderers
34,Opponent Total,,,26.8,15,165,1350.0,15.0,23.0,17.0,23.0,0.0,2.0,28.0,0.0,1.53,1.13,2.67,1.53,2.67,19.6,18.0,13.7,31.8,1.31,0.92,2.22,1.2,2.12,,Wolverhampton-Wanderers
